Author,Date,Text
lizkta_luiz,2017-11-19 21:04:33,"RT @Blockchainlife: Satoshi Nakamoto made #Bitcoin with good intentions. It has no place for ungrateful people, old stubborn people orâ€¦ "
PetrBlahosAuto,2017-11-19 21:04:33,"A Bitcoin pÅ™ekonal hranici 8 000 dolarÅ¯ https://t.co/gmgUoUdPfh Hodnota Bitcoinu, decentralizovanÃ© kryptomÄ›ny, pÅ™ekâ€¦ https://t.co/ZwLIQ5eP9O"
CryptoBank2,2017-11-19 21:04:33,RT @officialmcafee: I never said that Bitcoin was a business. I said that mining was a business. Anyone who cannot spot this obvious buâ€¦ 
neuman_karon,2017-11-19 21:04:33,RT @MOMOSTOCKTRADES: BUYğŸ‘‰ $DIGAF ğŸ‘ˆğŸ“ˆ20+BAGGER SOONğŸ˜² $JBZY $HMNY $SANP #BITCOIN $BTCS $BTSC $RMRK $CCTL $GBTC $IFXY $MGTI $BITCF $SINGâ€¦ 
Wanderlust101_,2017-11-19 21:04:34,"RT @Blockchainlife: ""#Bitcoin is a gift from God to help humanity sort out mess it has made with its money""   â€“ @maxkeiser https://t.co/s4Aâ€¦"
mobile_appz,2017-11-19 21:04:35,The Cryptocurrency revolution of #bitcoin will transform payments and digitally disrupt the establishment backed moâ€¦ https://t.co/ClqusT1AbM
denziiil1,2017-11-19 21:04:35,"RT @bonker99: See, this is where things get funky ...  I've just had someone pay me to drop an urgent #Bitcoin chart into my siteâ€¦ "
gregore2112,2017-11-19 21:04:36,"RT @IvanOnTech: Had the honor to interview the legendary @aantonop today here in Stockholm after his speech!  ğŸ‡¸ğŸ‡ª ""Who is Andreas reâ€¦ "
lebompshe,2017-11-19 21:04:36,RT @kevinmesserly: Someone please check my math.  $BTC max supply 21 mil X 100 mil = 21 quadrillion  $BTS max supply 3.6 bil X 100K =â€¦ 
koopa104980,2017-11-19 21:04:37,"@SpoilKingD @GreedyFinDom Aww come on, you know I can't afford large amounts of bitcoin with my former finslave lifâ€¦ https://t.co/N46PrG6tfp"
cynthialoxx,2017-11-19 21:04:38,"@DestinyConnect Yes , I would so like to know more about the Bitcoin saga. Hope you will give us a comprehensive yeâ€¦ https://t.co/PfI0j5Kkb4"
ebizorxasq,2017-11-19 21:04:38,RT @rocketico_io: Buy ROCK tokens now. Bonus will decrease in less than 6 hours! #blockchain #bitcoin #rocket $btc $eth $neo $dgbâ€¦ 
kasoutuukapro,2017-11-19 21:04:38,ä»®æƒ³é€šè²¨ã®ãƒ‹ãƒ¥ãƒ¼ã‚¹ãŒæ›´æ–°ã•ã‚Œã¾ã—ãŸï¼  11/20ã€ä»®æƒ³é€šè²¨ã€‘æœ¬æ—¥ã®å£²è²·ã‚µã‚¤ãƒ³å…¨13é€šè²¨ï¼ˆæ•µé™£ãƒ¬ãƒ¼ãƒ€ãƒ¼æ¢çŸ¥æ©Ÿåˆ†æã‚ˆã‚Šï¼‰... ä»– https://t.co/woQgRXW0eq  #ãƒ“ãƒƒãƒˆã‚³ã‚¤ãƒ³ #BTC #bitcoin #ä»®æƒ³é€šè²¨ #ICO #XEM #ETC #XRP
viiiiiinnn,2017-11-19 21:04:39,RT @rocketico_io: Buy ROCK tokens now. Bonus will decrease in less than 6 hours! #blockchain #bitcoin #rocket $btc $eth $neo $dgbâ€¦ 
PastorHerbs,2017-11-19 21:04:39,RT @TarlaMorris: Someone help me get started with bitcoin
ObtainCrypto,2017-11-19 21:04:39,$ was a blunt weapon for a handful of fat-cats in the USA to bludgeon the world into submission. Time to get rid ofâ€¦ https://t.co/cCVkhslEnn
WinWithCrypto,2017-11-19 21:04:41,"RT @rogerkver: Bitcoin Cash is not an offshoot of Bitcoin,  It's the original Bitcoin with the original functionality restored. https://t.câ€¦"
Sparkman2911,2017-11-19 21:04:41,RT @MOMOSTOCKTRADES: BUYğŸ‘‰ $DIGAF ğŸ‘ˆğŸ“ˆ20+BAGGER SOONğŸ˜² $JBZY $HMNY $SANP #BITCOIN $BTCS $BTSC $RMRK $CCTL $GBTC $IFXY $MGTI $BITCF $SINGâ€¦ 
RDaszkiewicz,2017-11-19 21:04:41,"RT @_tm3k: bitcoin under $100,000 is cheap"
BlackHannity,2017-11-19 21:04:42,"RT @Cernovich: Bitcoin hit $8,000. What was it there ğŸ‘‡ğŸ», around $500? https://t.co/66bZ2EGh7u"
PopCoinz,2017-11-19 21:04:42,RT @alt_bit_coins: Is #ethereum Ready to Play Catch Up With #bitcoin? #btc/usd #eth/usd https://t.co/qrI8jteQtN https://t.co/EIfDdx9T04
SEXY_SashaGrey,2017-11-19 21:04:42,Bitcoin PTC - Earn BTC for Viewing Ads | BTCClicks https://t.co/m2sYHGbDGl
TheDailyDigest,2017-11-19 21:04:43,"New article (Bitcoin zealots suddenly admit it will never work as a universal payment system... now touting ""digitaâ€¦ https://t.co/bikKKOlckp"
jilliangodsil,2017-11-19 21:04:43,"RT @Dashpay: Dashing Over Bitcoin, Why #Dash Gained 40% In Value, Fernando Gutierrez Explains #DigitalCash #Crypto  https://t.co/l4P1mUUeZr"
dwarves_the,2017-11-19 21:04:43,"Is #Bitcoin Mining Profitable in 2017? So the question is mine for BTC community, do you still want to mine forâ€¦ https://t.co/EhrpmdQWY9"
melodiecallaha9,2017-11-19 21:04:43,RT @MOMOSTOCKTRADES: BUYğŸ‘‰ $DIGAF ğŸ‘ˆğŸ“ˆ20+BAGGER SOONğŸ˜² $JBZY $HMNY $SANP #BITCOIN $BTCS $BTSC $RMRK $CCTL $GBTC $IFXY $MGTI $BITCF $SINGâ€¦ 
Egon_01,2017-11-19 21:04:45,RT @Egon_01: r/bitcoin aka the Stasi of crypto https://t.co/6Uhxfan77O
_MicheleSeven,2017-11-19 21:04:45,"RT @lopp: Welcome to Bitcoin, newcomers! Here's your FAQ:  Q: Who should I trust? A: Nobody.  Q: When should I sell? A: Neverâ€¦ "
k9ert,2017-11-19 21:04:46,RT @pierre_rochard: Bitcoin's price will go up so quickly that the futures market won't be able to keep up and CME's clearinghouse willâ€¦ 
rasslmn,2017-11-19 21:04:47,RT @info_zeusteam: Check it out https://t.co/O6JAqQe34l ğŸ˜„  #ZEUS #ICO #EcoMining #Bitcoin #blockchain #innovate #invest
TheBitcoinBLK,2017-11-19 21:04:47,"RT @rogerkver: Bitcoin Cash is not an offshoot of Bitcoin,  It's the original Bitcoin with the original functionality restored. https://t.câ€¦"
BitcoinIsTight,2017-11-19 21:04:48,"If youâ€™re considering dipping your toe into the world of cryptocurrencies like Bitcoin, the agency charged with https://t.co/NGAouxWvL9"
FFBitcoins,2017-11-19 21:04:48,RT @dgenr818: #bitcoin bought at @square cannot be withdrawn or transferred to any other BTC service. No keys for you.
uasociolog,2017-11-19 21:04:49,RT @wirelineio: #Bitcoin 's #blockchain technology praised by Wall Street https://t.co/pSTU4fplsG via @nypost
GBPBitcoinPrice,2017-11-19 21:04:49,Current #Bitcoin Price: 6071.07 GBP #BTC
Sandrocoin,2017-11-19 21:04:51,RT @cryptonetix: Here is our man in the know John Fenton's 24hr Crypto Market Round up  Want to know who was today's Crypto Top of tâ€¦ 
yoncarzovvi1768,2017-11-19 21:04:51,RT @Babacool123: EthConnect Investissmenet https://t.co/aG2DzV3VG6 #bitcoin #argent #money
yabtcl,2017-11-19 21:04:52,3GF5hGuKo...CWUV7FX4s just won 0.000005 BTC in our Free #lottery. Get your free bitcoins now: https://t.co/4Zek63qcjG #YABTCL #Bitcoin
fundbuildr,2017-11-19 21:04:53,RT @SJosephBurns: Amazon has almost no stores ğŸª Uber owns almost no cars ğŸš— Facebook creates no content âœï¸ Alibaba has no inventory ğŸ“šâ€¦ 
rosybejarano231,2017-11-19 21:04:54,RT @MOMOSTOCKTRADES: BUYğŸ‘‰ $DIGAF ğŸ‘ˆğŸ“ˆ20+BAGGER SOONğŸ˜² $JBZY $HMNY $SANP #BITCOIN $BTCS $BTSC $RMRK $CCTL $GBTC $IFXY $MGTI $BITCF $SINGâ€¦ 
orlanditorojas,2017-11-19 21:04:54,"RT @lopp: Welcome to Bitcoin, newcomers! Here's your FAQ:  Q: Who should I trust? A: Nobody.  Q: When should I sell? A: Neverâ€¦ "
pjoder,2017-11-19 21:04:54,"RT @lopp: Welcome to Bitcoin, newcomers! Here's your FAQ:  Q: Who should I trust? A: Nobody.  Q: When should I sell? A: Neverâ€¦ "
aracelissheeha2,2017-11-19 21:04:54,RT @MOMOSTOCKTRADES: BUYğŸ‘‰ $DIGAF ğŸ‘ˆğŸ“ˆ20+BAGGER SOONğŸ˜² $JBZY $HMNY $SANP #BITCOIN $BTCS $BTSC $RMRK $CCTL $GBTC $IFXY $MGTI $BITCF $SINGâ€¦ 
mustimo1,2017-11-19 21:04:55,RT @tayloramiles: @SJosephBurns Amazon doesn't make money Uber exploits it's workers Facebook exploits user privacy Alibaba destroysâ€¦ 
WendieRossie,2017-11-19 21:04:55,RT @MOMOSTOCKTRADES: BUYğŸ‘‰ $DIGAF ğŸ‘ˆğŸ“ˆ20+BAGGER SOONğŸ˜² $JBZY $HMNY $SANP #BITCOIN $BTCS $BTSC $RMRK $CCTL $GBTC $IFXY $MGTI $BITCF $SINGâ€¦ 
morikubonzai,2017-11-19 21:04:55,"RT @wirelineio: Institutional investors close to adopting #bitcoin, says ex-Fortress executive Novogratz https://t.co/Z2Uf2CF3HE"
Rafael_Yusubov,2017-11-19 21:04:55,Bitcoin rules!!!
DJROMANROXFORD,2017-11-19 21:04:56,#BreakingNews: Bitcoin Soars To Record High Above $8000 After Mugabe Speech: With Bitcoinâ€¦ https://t.co/6bl3nojMUv
marinier_lessie,2017-11-19 21:04:56,RT @applancer_crypt: Future of digital currencies might not involve Blockchain https://t.co/aZxaqhxgOy #digitalcurrencies #Blockchain #bitcâ€¦
kasandraleffle4,2017-11-19 21:04:57,RT @MOMOSTOCKTRADES: BUYğŸ‘‰ $DIGAF ğŸ‘ˆğŸ“ˆ20+BAGGER SOONğŸ˜² $JBZY $HMNY $SANP #BITCOIN $BTCS $BTSC $RMRK $CCTL $GBTC $IFXY $MGTI $BITCF $SINGâ€¦ 
loriswagner1616,2017-11-19 21:04:57,RT @MOMOSTOCKTRADES: BUYğŸ‘‰ $DIGAF ğŸ‘ˆğŸ“ˆ20+BAGGER SOONğŸ˜² $JBZY $HMNY $SANP #BITCOIN $BTCS $BTSC $RMRK $CCTL $GBTC $IFXY $MGTI $BITCF $SINGâ€¦ 
HiWeirNewHere,2017-11-19 21:04:57,#Bitcoin hits all time high $8089 on GDAX as it touches the upper log trend line. $BTC $BTCUSD #COINBASE #CRYPTO https://t.co/XKOHw3NDKh
OdRusl,2017-11-19 21:04:58,RT @russian_market: Bitcoin &gt; 8â€˜000
TheBitcoinBLK,2017-11-19 21:04:58,"RT @RedditBTC: Man buys $27 of bitcoin, forgets about them, finds they're now worth more than $38,000,000 https://t.co/fU2LZZBuCo"
saranfry2349,2017-11-19 21:04:59,RT @MOMOSTOCKTRADES: BUYğŸ‘‰ $DIGAF ğŸ‘ˆğŸ“ˆ20+BAGGER SOONğŸ˜² $JBZY $HMNY $SANP #BITCOIN $BTCS $BTSC $RMRK $CCTL $GBTC $IFXY $MGTI $BITCF $SINGâ€¦ 
josephskinner74,2017-11-19 21:04:59,Long/Short Bitcoin swings with up to 100x Leverage at Bitmex! ğŸ’°ğŸ’°  Enjoy a 10% Fee Discount! ğŸ‘ŒğŸ½  â–¶ï¸â€¦ https://t.co/FjHHGmOHWS
roiwercingre191,2017-11-19 21:05:00,RT @hunt_bet: We are glad to announce that our new marketing plan is almost ready. Hope you will like it!â˜ºï¸ #huntbet #hunt #ico #eth #bitcoâ€¦
cryptospeaker,2017-11-19 21:05:00,@Coinigy is your all-in-one platform for digital currency - #bitcoin #etherium #litecoin https://t.co/8TBFmKMBhK #btc
caymanredman,2017-11-19 21:05:00,"RT @BitcoinWrld: A Visit to a #Bitcoin #Mining Farm in Sichuan, #China Reveals Troubles Beyond Regulation https://t.co/RqVBZCrNhL"
claragoodwin26g,2017-11-19 21:05:00,"Bitcoin Hits Record Just Days After a 29% Plunge  Bitcoin climbed as much as 1.3 percent to touch a high of $7,994â€¦ https://t.co/0IQc3LXVdz"
fynucalixaby,2017-11-19 21:05:01,RT @wirelineio: #Bitcoin's value rose $10 billion in just 12 hours after a dramatic weekend sell-off  https://t.co/13hqZweih4
gennieeisensch3,2017-11-19 21:05:01,RT @MOMOSTOCKTRADES: BUYğŸ‘‰ $DIGAF ğŸ‘ˆğŸ“ˆ20+BAGGER SOONğŸ˜² $JBZY $HMNY $SANP #BITCOIN $BTCS $BTSC $RMRK $CCTL $GBTC $IFXY $MGTI $BITCF $SINGâ€¦ 
SergeyL80054504,2017-11-19 21:05:01,World's Largest Wind Turbine that can power 1k households! Wind Energy is the future!  https://t.co/OL8wLpAqUbâ€¦ https://t.co/zrXxS4y33E
NetMarketingpe,2017-11-19 21:05:01,Decora tus maceteros viejos de forma Ãºnica y sencilla para darles vida #Peru #follow #bitcoin #Halloweenâ€¦ https://t.co/kK1Tf0xuMG
bepic_elev8,2017-11-19 21:05:02,Decora tus maceteros viejos de forma Ãºnica y sencilla para darles vida #Peru #follow #bitcoin #Halloweenâ€¦ https://t.co/h6rKFXtFHa
PirataSalmonero,2017-11-19 21:05:02,Decora tus maceteros viejos de forma Ãºnica y sencilla para darles vida #Peru #follow #bitcoin #Halloweenâ€¦ https://t.co/D5AI0Yf2qj
ferndl13,2017-11-19 21:05:02,Decora tus maceteros viejos de forma Ãºnica y sencilla para darles vida #Peru #follow #bitcoin #Halloweenâ€¦ https://t.co/QOqyusKqlD
johnnawiseman11,2017-11-19 21:05:02,RT @MOMOSTOCKTRADES: BUYğŸ‘‰ $DIGAF ğŸ‘ˆğŸ“ˆ20+BAGGER SOONğŸ˜² $JBZY $HMNY $SANP #BITCOIN $BTCS $BTSC $RMRK $CCTL $GBTC $IFXY $MGTI $BITCF $SINGâ€¦ 
BitcoinMarket2,2017-11-19 21:05:03,1 Bitcoin = 8024.99 USD. Bitcoin has changed by -60.49 USD in 30 mins. Live price: https://t.co/01iZ9J5zpB #bitcoin #fintech #crypto
NikoYounts,2017-11-19 21:05:03,"$8,100 New All Time High. ğŸ›#BitcoinNetwork #Bitcoin #Fintech @thedomains @DomainKing #BTC"
johnnawiseman11,2017-11-19 21:05:02,RT @MOMOSTOCKTRADES: BUYğŸ‘‰ $DIGAF ğŸ‘ˆğŸ“ˆ20+BAGGER SOONğŸ˜² $JBZY $HMNY $SANP #BITCOIN $BTCS $BTSC $RMRK $CCTL $GBTC $IFXY $MGTI $BITCF $SINGâ€¦ 
septembersidhu8,2017-11-19 21:05:04,RT @MOMOSTOCKTRADES: BUYğŸ‘‰ $DIGAF ğŸ‘ˆğŸ“ˆ20+BAGGER SOONğŸ˜² $JBZY $HMNY $SANP #BITCOIN $BTCS $BTSC $RMRK $CCTL $GBTC $IFXY $MGTI $BITCF $SINGâ€¦ 
kaila_durgin,2017-11-19 21:05:04,RT @MOMOSTOCKTRADES: BUYğŸ‘‰ $DIGAF ğŸ‘ˆğŸ“ˆ20+BAGGER SOONğŸ˜² $JBZY $HMNY $SANP #BITCOIN $BTCS $BTSC $RMRK $CCTL $GBTC $IFXY $MGTI $BITCF $SINGâ€¦ 
ipfconline1,2017-11-19 21:05:04,What is a Distributed Ledger? [Infographic] #Blockchain #SmartContract #Fintech #Bitcoin #Cryptocurrency #Ethereumâ€¦ https://t.co/A6bx1buowf
nam_billye,2017-11-19 21:05:05,RT @MOMOSTOCKTRADES: BUYğŸ‘‰ $DIGAF ğŸ‘ˆğŸ“ˆ20+BAGGER SOONğŸ˜² $JBZY $HMNY $SANP #BITCOIN $BTCS $BTSC $RMRK $CCTL $GBTC $IFXY $MGTI $BITCF $SINGâ€¦ 
globa_lotto,2017-11-19 21:05:06,https://t.co/lUZXHaPAO8  How Bitconnect actually make money. Not Ponzi #bitcoin #lamborghini #lambonbâ€¦ https://t.co/DJ8yFOHFBk
buzem,2017-11-19 21:05:06,RT @TheBlockchain: How to prepare for the cryptocurrency revolution https://t.co/myVBbxo321 #bitcoin #blockchain #fintech
MouGohanTabeta,2017-11-19 21:05:06,worthy of a read - his FAQ is a great way to intro people to crypto. especially the ELI5 portion. https://t.co/1MbKv9xkUQ
Thnian_Delmani,2017-11-19 21:05:06,RT @AlziadiQ8: ÙÙŠØ¯ÙŠÙˆ/ Ù„Ù‚Ø§Ø¡ Ø§Ù„Ù…Ø³ØªØ´Ø§Ø± Ø§Ù„Ù…Ø§Ù„ÙŠ ØµÙ„Ø§Ø­ Ø§Ù„Ø¬ÙŠÙ…Ø§Ø² Ø¹Ø¨Ø± Ø¨Ø±Ù†Ø§Ù…Ø¬ Ø¨Ø§Ù„ÙƒÙˆÙŠØªÙŠ Ø¹Ù† Ø§Ù„Ø¹Ù…Ù„Ø© Ø§Ù„Ø±Ù‚Ù…ÙŠØ© â€œBitcoinâ€ Ø¹Ù„Ù‰ Ù‚Ù†Ø§Ø© Ø§Ù„Ù…Ø¬Ù„Ø³â€¦ 
Schlambonie,2017-11-19 21:05:07,RT @zerohedge: Bitcoin Soars To Record High Above $8000 After Mugabe Speech https://t.co/bBlw9J2AwD
bitlizard_1975,2017-11-19 21:05:02,ãƒ“ãƒƒãƒˆã‚³ã‚¤ãƒ³ãƒ‹ãƒ¥ãƒ¼ã‚¹ 387:æ‰¿èªæ¸ˆã¿åç„¡ã—ã•ã‚“ 2017/11/20 02:08:50 https://t.co/fp49xUoyVk ã“ã‚Œã¯ã€‚ã€‚ã€‚ There's a reason why #Bitcoin has checkâ€¦ https://t.co/5qLS8KvWzl
ApprendreT,2017-11-19 21:05:07,Potential short for bitcoin. End of\u2026 $BTCUSD https://t.co/d2xpoioNgK TV_TradingIdeas
sokumaiomoi,2017-11-19 21:05:07,"RT @CCFundOfficial: Why cryptoworld needs charity? Read about charitycoin, Bitcoin against Ebola, Greenpeace and BitPay here: https://t.co/â€¦"
FadiAdmo,2017-11-19 21:05:08,@rogerkver https://t.co/SpnEInNd40 refers to Bitcoin Cash right? Why is Bitcoin Cash called Bitcoin Cash? Why do exâ€¦ https://t.co/JXBomhwWiG
wuj_stach,2017-11-19 21:05:08,RT @Haejin_Crypto: DigiByte (DGB): Ready for a 520% Profit Potential? Check out this Blog Analysis! https://t.co/loRSALS3HK
senseisystem,2017-11-19 21:05:08,"RT @ponli137: #Core is not a group of specific individuals, but rather a rigorous process for open, transparent, quality assured developmenâ€¦"
HLBMannJuddBRIS,2017-11-19 21:05:08,"Understanding what Cryptocurrency, Bitcoin and blockchain are!  https://t.co/2mWmSUM3Ip https://t.co/4akJNQTV19"
BCash_Market,2017-11-19 21:05:08,1 Bitcoin Cash = 1174.04 USD. BCH has increased by 18.57 USD in 30 mins. Live price: https://t.co/wOI6TS2QrM #bitcoin #bch #cryptocurrency
4bins,2017-11-19 21:05:09,"RT @Blockchainlife: Hyosung, One of the worldâ€™s largest ATM manufacturers announced #Bitcoin support. Customers will be able to buyâ€¦ "
mpb1505,2017-11-19 21:05:09,RT @miniapps_pro: Be careful! The number of #bitcoin scams grows as bitcoin exchange rate goes up https://t.co/FNIAym4kyZ
ZosimisoZ,2017-11-19 21:05:09,"RT @lopp: Welcome to Bitcoin, newcomers! Here's your FAQ:  Q: Who should I trust? A: Nobody.  Q: When should I sell? A: Neverâ€¦ "
Dennis69793611,2017-11-19 21:05:11,@jayveeolfindo @GenesisMining Haha thanks! I have been very disappointed with my Monero payouts on Genesis'. I actuâ€¦ https://t.co/HXLiPo83D7
AchwaqKhalid,2017-11-19 21:05:11,RT @xdeadl0ck: @rogerkver You sure you didn't make transaction times longer for bitcoin by spamming the shit out of network?
addieschlater21,2017-11-19 21:05:11,RT @MOMOSTOCKTRADES: BUYğŸ‘‰ $DIGAF ğŸ‘ˆğŸ“ˆ20+BAGGER SOONğŸ˜² $JBZY $HMNY $SANP #BITCOIN $BTCS $BTSC $RMRK $CCTL $GBTC $IFXY $MGTI $BITCF $SINGâ€¦ 
borasearch,2017-11-19 21:05:11,I just published â€œBitcoin soars to all-time highâ€ https://t.co/stDC5l8ud9
sasha_karenz,2017-11-19 21:05:11,RT @UTRUST_Official: UTRUST has proudly partnered with @kucoin and @hitbtc - our UTK tokens will be tradable on both exchanges followingâ€¦ 
leanoralelah201,2017-11-19 21:05:11,RT @MOMOSTOCKTRADES: BUYğŸ‘‰ $DIGAF ğŸ‘ˆğŸ“ˆ20+BAGGER SOONğŸ˜² $JBZY $HMNY $SANP #BITCOIN $BTCS $BTSC $RMRK $CCTL $GBTC $IFXY $MGTI $BITCF $SINGâ€¦ 
jakenateben,2017-11-19 21:05:12,"RT @lopp: Welcome to Bitcoin, newcomers! Here's your FAQ:  Q: Who should I trust? A: Nobody.  Q: When should I sell? A: Neverâ€¦ "
zaksmith,2017-11-19 21:05:12,"RT @lopp: Welcome to Bitcoin, newcomers! Here's your FAQ:  Q: Who should I trust? A: Nobody.  Q: When should I sell? A: Neverâ€¦ "
cryptocoinadv,2017-11-19 21:05:12,We'd wear it...ğŸ˜‚ #Litecoin #Bitcoin #Moon #HODLMOON @SatoshiLite https://t.co/TNpoOCz1CU https://t.co/8xYUHGjhzJ
IamNomad,2017-11-19 21:05:12,"RT @lopp: Welcome to Bitcoin, newcomers! Here's your FAQ:  Q: Who should I trust? A: Nobody.  Q: When should I sell? A: Neverâ€¦ "
mertcangulsel,2017-11-19 21:05:13,#GotMyCard #TenX #tenxwallet https://t.co/rX0TPdYuA6
thinkhodl,2017-11-19 21:05:13,@alistairmilne @Cryptopathic When lambo? T-shirt available men and women. Get them know at https://t.co/jg3YB5ogsLâ€¦ https://t.co/YdmLOJnnP2
BlockWatcher,2017-11-19 21:05:14,Sun Nov 19 22:04:44 2017 (1:36) USD : 8022.03 Blk#: 495136 Size: 1068.0 KB TXs:  2379 Pool: 21248 (58.7 MB) #bitcoin
Rothers80,2017-11-19 21:05:14,RT @pierre_rochard: Bitcoin's price will go up so quickly that the futures market won't be able to keep up and CME's clearinghouse willâ€¦ 
MyNameisRazzle2,2017-11-19 21:05:15,Twitter has Donald Trump retweets.  Instagram has Purple Sunset Photos.  Facebook has screenshots of the Bitcoin price.
GigaBitcoin,2017-11-19 21:05:15,Is Bitcoin Really the 'New Gold'? https://t.co/DTsPWoO4uj
sharlenenickel4,2017-11-19 21:05:15,RT @MOMOSTOCKTRADES: BUYğŸ‘‰ $DIGAF ğŸ‘ˆğŸ“ˆ20+BAGGER SOONğŸ˜² $JBZY $HMNY $SANP #BITCOIN $BTCS $BTSC $RMRK $CCTL $GBTC $IFXY $MGTI $BITCF $SINGâ€¦ 
olliries,2017-11-19 21:05:16,@BitfuryGeorge Got that backwards though...love tcp/up just not bitcoin
coinjinja,2017-11-19 21:05:16,19æ—¥6:00ã‹ã‚‰ç›´è¿‘1æ—¥ã® #coincheck ã®å¤‰å‹•ç‡ã€‚ å€¤ä¸ŠãŒã‚Šç‡1ä½ã¯ $REP ã§2.7%ã€å€¤ä¸‹ãŒã‚Šç‡1ä½ã¯ $BCH ã®-5.9%ã€‚ #BITCOIN $ETC $XMR $XRP $LTC $ETH $LSKâ€¦ https://t.co/jkiX9mH1f2
durerus,2017-11-19 21:05:16,"RT @rogerkver: Bitcoin Cash is not an offshoot of Bitcoin,  It's the original Bitcoin with the original functionality restored. https://t.câ€¦"
MerlinDigital,2017-11-19 21:05:16,My uber driver just accepted bitcoin : Bitcoin https://t.co/gosj3r9sHj
Purple_butter,2017-11-19 21:05:16,RT @CNBCFastMoney: Interactive Brokers CEO Thomas Peterffy: Bitcoin futures could cause the next financial crisis https://t.co/BasZcJKqgH
dionna_gram,2017-11-19 21:05:17,RT @MOMOSTOCKTRADES: BUYğŸ‘‰ $DIGAF ğŸ‘ˆğŸ“ˆ20+BAGGER SOONğŸ˜² $JBZY $HMNY $SANP #BITCOIN $BTCS $BTSC $RMRK $CCTL $GBTC $IFXY $MGTI $BITCF $SINGâ€¦ 
leonilatallagn8,2017-11-19 21:05:17,RT @MOMOSTOCKTRADES: BUYğŸ‘‰ $DIGAF ğŸ‘ˆğŸ“ˆ20+BAGGER SOONğŸ˜² $JBZY $HMNY $SANP #BITCOIN $BTCS $BTSC $RMRK $CCTL $GBTC $IFXY $MGTI $BITCF $SINGâ€¦ 
nancitanaka2775,2017-11-19 21:05:17,RT @applancer_crypt: Future of digital currencies might not involve Blockchain https://t.co/aZxaqhxgOy #digitalcurrencies #Blockchain #bitcâ€¦
zFlashio,2017-11-19 21:05:18,Mike and Nathaniel's Week in Tech: Everybody Loves Bitcoin - New York Times https://t.co/JtD90j4poI #bitcoin
laviniajacovie4,2017-11-19 21:05:18,RT @MOMOSTOCKTRADES: BUYğŸ‘‰ $DIGAF ğŸ‘ˆğŸ“ˆ20+BAGGER SOONğŸ˜² $JBZY $HMNY $SANP #BITCOIN $BTCS $BTSC $RMRK $CCTL $GBTC $IFXY $MGTI $BITCF $SINGâ€¦ 
BtcHook,2017-11-19 21:05:18,"New #bitcoin block at height 495136: 2,379 transactions for 35,721.97287273 #BTC ($286,964,967) Size 1093kB Weight: 3993kWU #blockchain"
25imports2017,2017-11-19 21:05:18,What it feels like to earn #bitcoin on a daily basis with https://t.co/v4UoQzAddZ (Available on Google Play) #moneyâ€¦ https://t.co/tF9Qyg3g5C
bitcointens,2017-11-19 21:05:18,Tried to order Bitpay card but Bitcoin stuck in exodus https://t.co/kbX26BLnqc #altcoin #Bitcoin #coin
jenaekolzow2054,2017-11-19 21:05:20,RT @MOMOSTOCKTRADES: BUYğŸ‘‰ $DIGAF ğŸ‘ˆğŸ“ˆ20+BAGGER SOONğŸ˜² $JBZY $HMNY $SANP #BITCOIN $BTCS $BTSC $RMRK $CCTL $GBTC $IFXY $MGTI $BITCF $SINGâ€¦ 
0xKalvin,2017-11-19 21:05:20,RT @jfnewbery: Really @jgarzik? That's what you learned? How about these lessons:  1. Changes to Bitcoin require consensus from thâ€¦ 
SidneySh0w,2017-11-19 21:05:20,Great idea + Great Team = Great Company!  50 UTN FREE for register: https://t.co/MVeLIyeILK  #Universaâ€¦ https://t.co/NFkhC5jmV4
safaribolden,2017-11-19 21:05:20,Interesting.. Cannabis and blockchain could be the perfect match https://t.co/4qUtiaF9iM via @Bitconnect.co
startupstickers,2017-11-19 21:05:21,@jaltucher who won the bitcoin... Im guessing it's not me or I'd have been round like a shot. But pray tell who was this lucky personage?
cmpth,2017-11-19 21:05:21,RT @SJosephBurns: Amazon has almost no stores ğŸª Uber owns almost no cars ğŸš— Facebook creates no content âœï¸ Alibaba has no inventory ğŸ“šâ€¦ 
DigitalDoshNews,2017-11-19 21:05:21,Mike and Nathaniel's Week in Tech: Everybody Loves Bitcoin - New York Times https://t.co/Yw9gbw3WAG
BitcoinRatBot,2017-11-19 21:05:22,"#Bitcoin block 495136 Output 35,721.97287273 BTC Fees 1.75660802 Tx 2379 OP_Ret 5 Diff Adj. in 800 blocks 2017-11-19 21:04:44"
powerhitsde,2017-11-19 21:05:22,Die KryptowÃ¤hrung Bitcoin - was steckt dahinter? - https://t.co/MMhJxYgb4y https://t.co/uMjmbVRN9c
TheBitcoinBLK,2017-11-19 21:05:22,"RT @BitcoinEdu: Bitcoin price one year ago today: USD$750.63, representing a 972.96% increase. [NOW: USD$8,054.00] https://t.co/HXncyYet0H"
winonastites181,2017-11-19 21:05:22,RT @MOMOSTOCKTRADES: BUYğŸ‘‰ $DIGAF ğŸ‘ˆğŸ“ˆ20+BAGGER SOONğŸ˜² $JBZY $HMNY $SANP #BITCOIN $BTCS $BTSC $RMRK $CCTL $GBTC $IFXY $MGTI $BITCF $SINGâ€¦ 
MGieselmann,2017-11-19 21:05:23,RT@powerhitsde Die KryptowÃ¤hrung Bitcoin - was steckt dahinter? - https://t.co/4ZRQ1avKK6 https://t.co/2uzVtzCkvr
BitWealthy,2017-11-19 21:05:23,"RT @CryptoCoinsNews: Internet Archive Enables Donations With Zcash, Bitcoin Cash And Bitcoin https://t.co/av6Ry0gC7I"
CryptoAssassin,2017-11-19 21:05:23,"RT @okcashtalk: [updt] Re: ""OKCash Accepted Here"" icons at https://t.co/IIXYwVDbvc #Okcash $OK #Bitcoin #Altcoins #okcashtalk https://t.co/â€¦"
Datavetaren,2017-11-19 21:05:23,That would actually be good. Finance is in the need of a cold reboot. #bitcoin https://t.co/QUXzLpfkFq
maejones2994,2017-11-19 21:05:23,RT @MOMOSTOCKTRADES: BUYğŸ‘‰ $DIGAF ğŸ‘ˆğŸ“ˆ20+BAGGER SOONğŸ˜² $JBZY $HMNY $SANP #BITCOIN $BTCS $BTSC $RMRK $CCTL $GBTC $IFXY $MGTI $BITCF $SINGâ€¦ 
anhbuckley2365,2017-11-19 21:05:23,RT @MOMOSTOCKTRADES: BUYğŸ‘‰ $DIGAF ğŸ‘ˆğŸ“ˆ20+BAGGER SOONğŸ˜² $JBZY $HMNY $SANP #BITCOIN $BTCS $BTSC $RMRK $CCTL $GBTC $IFXY $MGTI $BITCF $SINGâ€¦ 
WendieRossie,2017-11-19 21:05:24,RT @MOMOSTOCKTRADES: BUYğŸ‘‰ $DIGAF ğŸ‘ˆğŸ“ˆ20+BAGGER SOONğŸ˜² $JBZY $HMNY $SANP #BITCOIN $BTCS $BTSC $RMRK $CCTL $GBTC $IFXY $MGTI $BITCF $SINGâ€¦ 
BetFastBTC,2017-11-19 21:05:25,#Bitcoin #Bitcoinbet âš½ï¸âš½ï¸ Bitcoin Sportsbook pre-live betting odds ğŸ“£ (ARG-PD) Union Santa FE vs Chacarita Juniors:â€¦ https://t.co/BkaUd92HrS
bitcoin_toval,2017-11-19 21:05:25,"RT @maxkeiser: Holy shit! Is this rigjt!? #Bitcoinâ€™s over $8,000 and heading to $9,000 and beyond? Glad I bought some at $3 whenâ€¦ "
itnterecas1978,2017-11-19 21:05:26,"RT @MeridianMDN: Just 4 Days to go. Time is running out! In the next 4 days, the #Meridian_MDN ICO comes to a close! Using the powerâ€¦ "
bitintruder,2017-11-19 21:05:26,"Bitcoin Price Achieves New All-Time High at $8,100, Market Confid https://t.co/xPq4IVCkdU #bitcoin #ethereum #bitcoinprice #cryptocurrency"
BetFastBTC,2017-11-19 21:05:26,#Bitcoin #Bitcoinbet âš½ï¸âš½ï¸ Bitcoin Sportsbook pre-live betting odds ğŸ“£ (ARG-PBN) Brown DE Adrogue vs Independ.â€¦ https://t.co/BkaUd92HrS
BitcoinKing2,2017-11-19 21:05:26,"RT @BambouClub: 1. Crypto trading volumes exploding 2. Bitcoin price &gt; $8,000 3. Exchange trading fees are priced in BTC units Bestâ€¦ "
muraty56998460,2017-11-19 21:05:26,RT @mikerelentless: It's currently 17.1% more profitable to mine BitcoinCash instead of BTC.  #BitcoinCash is #Bitcoin
SgtHump,2017-11-19 21:05:27,Got #Bitcoin? Start earning daily #interest #profit ğŸ’°with #BitconnectCoin (#BCC) and #BitConnectLending. Start now! https://t.co/nc0xDZSt38
monicamanavy,2017-11-19 21:05:27,My bitcoin was originally worth $25 and now itâ€™s $230 ğŸ˜… not bad for someone who got it for free
PPWSWITCHER,2017-11-19 21:05:27,"RT @lopp: Welcome to Bitcoin, newcomers! Here's your FAQ:  Q: Who should I trust? A: Nobody.  Q: When should I sell? A: Neverâ€¦ "
guhlo,2017-11-19 21:05:28,Who is @CashApp using to purchase the #bitcoin inventory needed to fulfill buy orders ?
LaQRR,2017-11-19 21:05:28,"RT @_tm3k: bitcoin under $100,000 is cheap"
BitWealthy,2017-11-19 21:05:29,"RT @adam3us: this is exactly it. it's like aircraft systems design, review, systematic full spectrum stress testing, and on founâ€¦ "
kintacoma1984,2017-11-19 21:05:29,RT @bankof_memories: https://t.co/4iwfzefMCY  #cryptocurrencies #ICO #ICO #investment #Bankofmemories #bmcoin #crowdfundingcampaignâ€¦ 
nam_billye,2017-11-19 21:05:29,RT @MOMOSTOCKTRADES: BUYğŸ‘‰ $DIGAF ğŸ‘ˆğŸ“ˆ20+BAGGER SOONğŸ˜² $JBZY $HMNY $SANP #BITCOIN $BTCS $BTSC $RMRK $CCTL $GBTC $IFXY $MGTI $BITCF $SINGâ€¦ 
Stock_Trend_Chg,2017-11-19 21:05:29,16.6 million Bitcoins issued (see supply in picture) with 4.4 million still to go. 21 million is the cap on Bitcoinâ€¦ https://t.co/8dtde0TniE
ethereum_bot,2017-11-19 21:05:30,"RT @WorldCryptoNet: Today in #Bitcoin News Podcast (2017-11-19) - Bitcoin $8,100 - LedgerX $10K Options - Trolling WSJâ€¦ "
h2o_46,2017-11-19 21:05:31,@coinbutik 18 gÃ¼n :) https://t.co/086UzKcu4t
BitcoinBrainer,2017-11-19 21:05:31,ZEUS #bitcoinğŸŒ´ https://t.co/Eb8p4P2ten
gabriolinari,2017-11-19 21:05:32,bitcoin peaked $8000 woowwww
cyto48,2017-11-19 21:05:32,"RT @globalbiz21st: Poll: Which one will be the next giant? $BTC already a giant so not addedğŸ˜‰. Answer, retweet, share and follow to WIâ€¦ "
loni_casper,2017-11-19 21:05:32,RT @MOMOSTOCKTRADES: BUYğŸ‘‰ $DIGAF ğŸ‘ˆğŸ“ˆ20+BAGGER SOONğŸ˜² $JBZY $HMNY $SANP #BITCOIN $BTCS $BTSC $RMRK $CCTL $GBTC $IFXY $MGTI $BITCF $SINGâ€¦ 
BiedexTrading,2017-11-19 21:05:32,New post (Will Silver Make New 2017 Lows?) has been published on https://t.co/TNWx9c55dD Stockmarket News and Quoteâ€¦ https://t.co/6vJAGTl3XE
ahmetseyhan_,2017-11-19 21:05:33,@rogerkver Most of you have no idea about scaling problem and its consequences. I doubt if half of you even read Saâ€¦ https://t.co/kRhO9gg8BK
llmrbatnq2536,2017-11-19 21:05:34,"RT @BIGMONEYMIKE6: GOT #PENNYSTOCKS ?  WANNA TURN A $3,000 INVESTMENT INTO $30,000+ ?  BUY ALL THE $VIDA U CAN UNDER $.006  @jimcramerâ€¦ "
paytheamethyst,2017-11-19 21:05:34,@GreedyFinDom Teach me how to bitcoin ğŸ˜©â¤ï¸ğŸ¤ğŸ¾
maxime_goedert,2017-11-19 21:05:36,Wise words https://t.co/kHQj68Yvh5
dweebertology,2017-11-19 21:05:36,"RT @XVGWhale: Haters mad at $XVG posts, memes, and videos. Therefore I shall also make HTML5 interactive animated infografics aboâ€¦ "
BetFastBTC,2017-11-19 21:05:35,Grigor Dimitrov has become the first man for 19 years to win the #ATPFinals on his debut. #Bet with #Bitcoinâ€¦ â–¶ï¸â€¦ https://t.co/xjRqpp8bWZ
lilliabarker201,2017-11-19 21:05:37,RT @applancer_crypt: Future of digital currencies might not involve Blockchain https://t.co/aZxaqhxgOy #digitalcurrencies #Blockchain #bitcâ€¦
jenaekolzow2054,2017-11-19 21:05:37,RT @MOMOSTOCKTRADES: BUYğŸ‘‰ $DIGAF ğŸ‘ˆğŸ“ˆ20+BAGGER SOONğŸ˜² $JBZY $HMNY $SANP #BITCOIN $BTCS $BTSC $RMRK $CCTL $GBTC $IFXY $MGTI $BITCF $SINGâ€¦ 
Jean_bonobo,2017-11-19 21:05:37,#Capital elle aurait mieux fait d'acheter des Bitcoin
ethereum_bot,2017-11-19 21:05:38,RT @reach2ratan: What is #Blockchain?  https://t.co/o1bzYDZP81 #Fintech #makeyourownlane #Mpgvip #cryptocurrency #AI #defstar5 #MLâ€¦ 
AchwaqKhalid,2017-11-19 21:05:39,RT @kow3man: @rogerkver Bitcoin Cash is a company for make money
Panteraswift,2017-11-19 21:05:39,"RT @lopp: Welcome to Bitcoin, newcomers! Here's your FAQ:  Q: Who should I trust? A: Nobody.  Q: When should I sell? A: Neverâ€¦ "
LegenClan,2017-11-19 21:05:39,RT @LegenClan: @Google @CoinMarketCap @Bitcoin  @Twitter @bitcointalk @facebook @coinbase @blockchain @CryptoCoinsNewsâ€¦ 
FabriR4mos,2017-11-19 21:05:39,RT @sthenc: The US dollar plummets to a new low of 0.00013 $BTC #bitcoin https://t.co/z7hnZn5ODe
BitcoinUKs,2017-11-19 21:05:39,RT @Cointelegraph: #Internet Archive Now Accepts #Bitcoin Cash and #Zcash https://t.co/l0oLtc4h9h
AirdropArena,2017-11-19 21:05:40,"Any store can buy, sell, and accept #Crypto with #PundiX #POS solution https://t.co/67UmTivZ3O by @PundiXLabsâ€¦ https://t.co/8iZ4soea0O"
prodvijenieseo,2017-11-19 21:05:41,RT @pitimirova1986: ğŸ”¥ #bitcynews https://t.co/JKMfTezjZq https://t.co/93lJ5qHVLn
Jodorowskiano,2017-11-19 21:05:41,RT @maxkeiser: ğŸ‘ https://t.co/khtrKnYasf
coinsiglieri,2017-11-19 21:05:41,"RT @lopp: Welcome to Bitcoin, newcomers! Here's your FAQ:  Q: Who should I trust? A: Nobody.  Q: When should I sell? A: Neverâ€¦ "
blockchainbot,2017-11-19 21:05:41,New #bitcoin block 000000000000000000a05411dc0ce5c79320a50e61d05627e67d0487d8c97b5a mined at height 495135.
suinronukei,2017-11-19 21:05:42,RT @bee_socials: The BEE token will be listed on the Mercatox exchange after ICO. More exchanges to follow. Private sale 50% bonus now on.â€¦
blogozanh,2017-11-19 21:05:42,Bitcoin 8000$ https://t.co/qeMqAiJphe
pegcruz2908,2017-11-19 21:05:43,RT @applancer_crypt: Future of digital currencies might not involve Blockchain https://t.co/aZxaqhxgOy #digitalcurrencies #Blockchain #bitcâ€¦
Yahyaalireal,2017-11-19 21:05:43,What is a Distributed Ledger? [Infographic] #Blockchain #SmartContract #Fintech #Bitcoin #Cryptocurrency #Ethereumâ€¦ https://t.co/AIg0RH44eD
stockcardhq,2017-11-19 21:05:43,So you've been thinking about investing in Bitcoin?: https://t.co/pRrcRhKzMZ
kenia_morrissey,2017-11-19 21:05:44,RT @MOMOSTOCKTRADES: BUYğŸ‘‰ $DIGAF ğŸ‘ˆğŸ“ˆ20+BAGGER SOONğŸ˜² $JBZY $HMNY $SANP #BITCOIN $BTCS $BTSC $RMRK $CCTL $GBTC $IFXY $MGTI $BITCF $SINGâ€¦ 
ethereum_bot,2017-11-19 21:05:44,RT @CryptoInsiderX: *BREAKING NEWS*  #Bitcoin doesnt give a f*@K about $Neo's announcement ğŸ˜‚ğŸ˜‚ğŸ˜‚  #TakeNoPrisoners   #BTC $BTC #BCH $BCHâ€¦ 
lorinegeiger181,2017-11-19 21:05:44,RT @MOMOSTOCKTRADES: BUYğŸ‘‰ $DIGAF ğŸ‘ˆğŸ“ˆ20+BAGGER SOONğŸ˜² $JBZY $HMNY $SANP #BITCOIN $BTCS $BTSC $RMRK $CCTL $GBTC $IFXY $MGTI $BITCF $SINGâ€¦ 
ArkangelScrap,2017-11-19 21:05:44,RT @ipfconline1: What is a Distributed Ledger? [Infographic] #Blockchain #SmartContract #Fintech #Bitcoin #Cryptocurrency #Ethereumâ€¦ 
saranfry2349,2017-11-19 21:05:44,RT @MOMOSTOCKTRADES: BUYğŸ‘‰ $DIGAF ğŸ‘ˆğŸ“ˆ20+BAGGER SOONğŸ˜² $JBZY $HMNY $SANP #BITCOIN $BTCS $BTSC $RMRK $CCTL $GBTC $IFXY $MGTI $BITCF $SINGâ€¦ 
PngBitcoin,2017-11-19 21:05:45,RT @digitalassetu: #bitcoin $btc $ltc $eth #nasdaq #cryptocurrency #investing #investing #ethereum $bch $xrp $neo $xlm $AAPL https://t.co/Jâ€¦
alvinamoore2760,2017-11-19 21:05:45,RT @MOMOSTOCKTRADES: BUYğŸ‘‰ $DIGAF ğŸ‘ˆğŸ“ˆ20+BAGGER SOONğŸ˜² $JBZY $HMNY $SANP #BITCOIN $BTCS $BTSC $RMRK $CCTL $GBTC $IFXY $MGTI $BITCF $SINGâ€¦ 
JonnyNy2,2017-11-19 21:05:45,"RT @bitcoincomics: $8,000! #bitcoin https://t.co/E3ChOncsXo"
AchwaqKhalid,2017-11-19 21:05:45,RT @kesh727: @rogerkver Does a child give birth to the mum? Bitcoin gave birth to bitcoin cash. Bitcoin cash however went rogue.
Debbelina_,2017-11-19 21:05:46,"RT @zerohedge: After Slamming Bitcoin As A Money Laundering Tool, JPMorgan Busted For Money Laundering https://t.co/t1knQTZ43B"
AlexKrooses,2017-11-19 21:05:46,RT @pitimirova1986: ğŸ”¥ #bitcynews https://t.co/JKMfTezjZq https://t.co/93lJ5qHVLn
Alistifhaam,2017-11-19 21:05:46,"RT @wirelineio: Institutional investors close to adopting #bitcoin, says ex-Fortress executive Novogratz https://t.co/Z2Uf2CnsQ6"
Acu5btc,2017-11-19 21:05:46,https://t.co/iZllOsK87G
DJThistle01,2017-11-19 21:05:47,"@IamNomad yea he said he fully supports it, seems pro bitcoin. shill it!"
21Cryptos,2017-11-19 21:05:47,Bitcoin Just Hit All-Time-High!  https://t.co/QkskTI9kMy #crypto #ath #btc $btc https://t.co/CJSfru6r93
stone22stone,2017-11-19 21:05:47,Canada's York Regional Police Warn Against Bitcoin Tax Scam ... #Bitcoin https://t.co/FS0TScSZw3
LegenClan,2017-11-19 21:05:48,"RT @LegenClan: https://t.co/LzjA586qnY â€¦  @Google @Bitcoin  @Twitter win bitcoin here ,claim free 100 satoshi from faucetx20 aday  https://â€¦"
stephan61585341,2017-11-19 21:05:47,Long/Short Bitcoin swings with up to 100x Leverage at Bitmex! ğŸ’°ğŸ’°  Enjoy a 10% Fee Discount! ğŸ‘ŒğŸ½  â–¶ï¸â€¦ https://t.co/d7GGaT9urI
PngBitcoin,2017-11-19 21:05:48,RT @digitalassetu: Bitcoin Will 10x This Year â€“ Can Your Investments Do That? https://t.co/Mb1zlncctt
Honcharenko1,2017-11-19 21:05:48,RT @pitimirova1986: ğŸ”¥ #bitcynews https://t.co/JKMfTezjZq https://t.co/93lJ5qHVLn
uzumadam,2017-11-19 21:05:48,Bitcoin 8000$ https://t.co/78vPJvi2el
Ivkovich456,2017-11-19 21:05:48,RT @MOMOSTOCKTRADES: BUYğŸ‘‰ $DIGAF ğŸ‘ˆğŸ“ˆ20+BAGGER SOONğŸ˜² $JBZY $HMNY $SANP #BITCOIN $BTCS $BTSC $RMRK $CCTL $GBTC $IFXY $MGTI $BITCF $SINGâ€¦ 
kristal11685828,2017-11-19 21:05:49,RT @MOMOSTOCKTRADES: BUYğŸ‘‰ $DIGAF ğŸ‘ˆğŸ“ˆ20+BAGGER SOONğŸ˜² $JBZY $HMNY $SANP #BITCOIN $BTCS $BTSC $RMRK $CCTL $GBTC $IFXY $MGTI $BITCF $SINGâ€¦ 
WalletInvestor,2017-11-19 21:05:49,Bitcoin $8 002.620 â€“ CryptoCurrency Trading Report â€“ 19.11.2017 21:03 https://t.co/KPYlDl9NqH
maejones2994,2017-11-19 21:05:49,RT @MOMOSTOCKTRADES: BUYğŸ‘‰ $DIGAF ğŸ‘ˆğŸ“ˆ20+BAGGER SOONğŸ˜² $JBZY $HMNY $SANP #BITCOIN $BTCS $BTSC $RMRK $CCTL $GBTC $IFXY $MGTI $BITCF $SINGâ€¦ 
Karakaradusunr,2017-11-19 21:05:49,Global kriz Ã¶ncesi birileri bitcoin alÄ±yor diye yorumluyorum eÄŸer bitcoin dÃ¼zeltme yapmazsa. Hatta 20.000$ a doÄŸruâ€¦ https://t.co/gch4jVcHHr
BtcEth14,2017-11-19 21:05:49,"RT @lopp: Welcome to Bitcoin, newcomers! Here's your FAQ:  Q: Who should I trust? A: Nobody.  Q: When should I sell? A: Neverâ€¦ "
_Lumpen_,2017-11-19 21:05:50,"RT @lopp: Welcome to Bitcoin, newcomers! Here's your FAQ:  Q: Who should I trust? A: Nobody.  Q: When should I sell? A: Neverâ€¦ "
theressaconnel5,2017-11-19 21:05:51,RT @applancer_crypt: Future of digital currencies might not involve Blockchain https://t.co/aZxaqhxgOy #digitalcurrencies #Blockchain #bitcâ€¦
LoraHuinadikaya,2017-11-19 21:05:51,"RT @rateico: Such a profitable rate will be no more, up to +2666%. Be one of the first #investors! Join our ICO Now! Together weâ€¦ "
gaabrielc6,2017-11-19 21:05:52,RT @BIGMONEYMIKE6: GOT #PENNYSTOCKS ?  $VIDA WILL BE RELEASING A Lavar Ball @Lavarbigballer #BITCOIN !!!  GRAB EVERY SHARE U CAN UNDERâ€¦ 
skothzfu2510,2017-11-19 21:05:52,RT @Babacool123: EthConnect Investissmenet https://t.co/aG2DzV3VG6 #bitcoin #argent #money
PngBitcoin,2017-11-19 21:05:52,RT @digitalassetu: #BitcoinFutures Explained #cme $cme $btc #btc #cryptocurrencies  https://t.co/64teuwdGfC
RapKlap,2017-11-19 21:05:53,RT @Yahyaalireal: What is a Distributed Ledger? [Infographic] #Blockchain #SmartContract #Fintech #Bitcoin #Cryptocurrency #Ethereumâ€¦ 
LegenClan,2017-11-19 21:05:54,"RT @LegenClan: https://t.co/LzjA586qnY â€¦  @Google @Bitcoin  @Twitter win bitcoin here ,claim free 100 satoshi from faucetx20 aday  https://â€¦"
addieschlater21,2017-11-19 21:05:54,RT @MOMOSTOCKTRADES: BUYğŸ‘‰ $DIGAF ğŸ‘ˆğŸ“ˆ20+BAGGER SOONğŸ˜² $JBZY $HMNY $SANP #BITCOIN $BTCS $BTSC $RMRK $CCTL $GBTC $IFXY $MGTI $BITCF $SINGâ€¦ 
CQuoiLeBusiness,2017-11-19 21:05:57,RT @ThomasHotot: Quâ€™y a-t-il Ã  lâ€™origine du rallye de Bitcoin Cash ?  - https://t.co/34eUDxXKVX #Finance #bourse #cryptomonnaie https://t.câ€¦
Bumi,2017-11-19 21:05:57,indeed the best bitcoin FAQ https://t.co/VmOdMDjCFR
JEFFREYLKLUMP,2017-11-19 21:05:58,"@clif_high @twitttolllower @buygeeks I'm relaxed. another point, I do not have $8,000.00 federal reserve notes to bâ€¦ https://t.co/ocfQnEQrsi"
cakgohsbmlsuu21,2017-11-19 21:05:58,RT @VectraSA: Checkout Paytag! https://t.co/9RqIvoSW9Z It's going to make cryptocurrencies awesome.ğŸ˜ƒğŸ’° @get_paytag #bitcoinâ€¦ 
ArtemIngr,2017-11-19 21:05:59,Win 1 Million EOS GOLD Every Week!!!   See more at: https://t.co/GUGaugsq8f #ethereum #eos #bitcoin #cryptocurrency #airdrop
soboku_Normcore,2017-11-19 21:05:59,"RT @benvh: $10,000 would be a nice target for exchanges to start denominating Bitcoin in $10 mBTC."
inpw123,2017-11-19 21:05:59,RT @ma67on: Ø§Ù„ bitcoin ÙƒØ³Ø±Øª Ø§Ù„ 8000 Ø¯ÙˆÙ„Ø§Ø± Ø£Ù…Ø±ÙŠÙƒÙŠ   #mixedfeelings
setherb,2017-11-19 21:05:59,"RT @CoinMarketCap: The price of Bitcoin just crossed $8,000! Total Market Cap: 236B  https://t.co/fi55d4aaQr  #CoinMarketCap #bitcoin httpsâ€¦"
LegenClan,2017-11-19 21:06:00,"RT @LegenClan: https://t.co/LzjA58o1fw â€¦  @Google @Bitcoin  @Twitter win bitcoin here ,claim free 100 satoshi from faucetx20 aday  https://â€¦"
ArtemIngr,2017-11-19 21:06:00,RT @EOSGOLD_io: Win 1 million #EOSGGOLD each week!   See https://t.co/5bkqpu9dA1 to find out more...  #ethereum #eos #bitcoin #cryptocurrenâ€¦
whalecrypt,2017-11-19 21:06:00,RT @GoBloqSteve: Thank you @maxkeiser ... watching one of your 2012 @KeiserReport shows on #Bitcoin helped me jump both feet in theâ€¦ 
Dosenwerfer,2017-11-19 21:06:00,Der Wert von einem Bitcoin hat heute Ã¼brigens die 8000 USD Marke geknackt.
rasslmn,2017-11-19 21:06:01,RT @STKtoken: Excited to present with @getstack_ca at @UofT_DCSIL's #AIWeek this Thursday. See you there! #cryptocurrencyâ€¦ 
_mrk001,2017-11-19 21:06:00,"RT @lopp: Welcome to Bitcoin, newcomers! Here's your FAQ:  Q: Who should I trust? A: Nobody.  Q: When should I sell? A: Neverâ€¦ "
loriswagner1616,2017-11-19 21:06:01,RT @MOMOSTOCKTRADES: BUYğŸ‘‰ $DIGAF ğŸ‘ˆğŸ“ˆ20+BAGGER SOONğŸ˜² $JBZY $HMNY $SANP #BITCOIN $BTCS $BTSC $RMRK $CCTL $GBTC $IFXY $MGTI $BITCF $SINGâ€¦ 
NesUyghur,2017-11-19 21:06:01,@KriptoparaFeed Roger i roger yapan kimmis? Roger zekasi da zaten Sathoshi ile karsilastirilamaz..Bitcoincash bitcoâ€¦ https://t.co/jZE8bsLeuE
MGieselmann,2017-11-19 21:06:01,RT@Dosenwerfer Der Wert von einem Bitcoin hat heute Ã¼brigens die 8000 USD Marke geknackt.
WendieRossie,2017-11-19 21:06:02,RT @MOMOSTOCKTRADES: BUYğŸ‘‰ $DIGAF ğŸ‘ˆğŸ“ˆ20+BAGGER SOONğŸ˜² $JBZY $HMNY $SANP #BITCOIN $BTCS $BTSC $RMRK $CCTL $GBTC $IFXY $MGTI $BITCF $SINGâ€¦ 
ahmetseyhan_,2017-11-19 21:06:02,@rogerkver Most of you have no idea about scaling problem and its consequences. I doubt if half of you even read Saâ€¦ https://t.co/19Dbll4TZV
MichaelSantani4,2017-11-19 21:06:02,"@seweso @ponli137 Question though, if bcash implements L2 solutions, doesn't that kill it's supposed ""advantage"" ovâ€¦ https://t.co/UekczWP62t"
Abid__Chaudhary,2017-11-19 21:06:03,"#bitcoin under $100,000 is cheap ... #btc $btc"
Bitcoin_Cat,2017-11-19 21:06:03,"RT @ponli137: #Core is not a group of specific individuals, but rather a rigorous process for open, transparent, quality assured developmenâ€¦"
peupadither1974,2017-11-19 21:06:03,RT @LucydLtd: Many of us are spending a large portion of our lives looking at our phones or computers. Lucyd Lens will give you tâ€¦ 
nancitanaka2775,2017-11-19 21:06:03,RT @MOMOSTOCKTRADES: BUYğŸ‘‰ $DIGAF ğŸ‘ˆğŸ“ˆ20+BAGGER SOONğŸ˜² $JBZY $HMNY $SANP #BITCOIN $BTCS $BTSC $RMRK $CCTL $GBTC $IFXY $MGTI $BITCF $SINGâ€¦ 
PennyStocksMomo,2017-11-19 21:06:04,"#Bitcoin A Visit to a Bitcoin Mining Farm in Sichuan, China Reveals Troubles Beyondâ€¦ https://t.co/tGoIwe8KK3 via â†’ https://t.co/v6E9SskEr1"
timetreestrs,2017-11-19 21:06:04,"In 2013, both the April (wave 3) and Nov (wave 5) highs topped out at ~18 x #BTC 200week MA. Currently at 8.2x Remeâ€¦ https://t.co/WopZHeMB1q"
SportsbookBTC,2017-11-19 21:06:04,"#Bitcoin A Visit to a Bitcoin Mining Farm in Sichuan, China Reveals Troubles Beyondâ€¦ https://t.co/jLcmAfLCsU via â†’ https://t.co/Vl9Y5ewHbY"
CryptoTraderPro,2017-11-19 21:06:05,"#Bitcoin A Visit to a Bitcoin Mining Farm in Sichuan, China Reveals Troubles Beyondâ€¦ https://t.co/llUz6Hxs1z via â†’ https://t.co/K00F7fwtRe"
rasslmn,2017-11-19 21:06:05,"RT @globitex_: ""Bitcoin is increasingly trust by millions of people around the world"", Globitex Advisor @MarkTOByrneâ€¦ "
MyBitNation,2017-11-19 21:06:04,"Join the Pre-Sale before it ends!  3 days to go, don't wait until the last minute!  #tokensale #bitcoin #ethereumâ€¦ https://t.co/I6jB6x649q"
JoeManzanares,2017-11-19 21:06:01,Mike and Nathanielâ€™s Week in Tech: Everybody Loves Bitcoin https://t.co/IxKlrBmBdU
Ivkovich456,2017-11-19 21:06:05,RT @MOMOSTOCKTRADES: BUYğŸ‘‰ $DIGAF ğŸ‘ˆğŸ“ˆ20+BAGGER SOONğŸ˜² $JBZY $HMNY $SANP #BITCOIN $BTCS $BTSC $RMRK $CCTL $GBTC $IFXY $MGTI $BITCF $SINGâ€¦ 
DsideNNjoy,2017-11-19 21:06:05,"Watch this BitCoin-Video, sign up as an Inactive Member and easily upgrade: https://t.co/0Zwf9NSoyd #bitcoin #blockchain #bitclub"
oop_io,2017-11-19 21:06:05,"RT @coin_artist: The painting is a #puzzle, there is 4.87 #bitcoin concealed by this image. Happy #EasterEgg  http://t.co/2KASaawd3u http:/â€¦"
Jennife62938575,2017-11-19 21:06:05,Long/Short Bitcoin swings with up to 100x Leverage at Bitmex! ğŸ’°ğŸ’°  Enjoy a 10% Fee Discount! ğŸ‘ŒğŸ½  â–¶ï¸â€¦ https://t.co/7qaREV2JLO
BitcoinBidder,2017-11-19 21:06:05,Bitcoin Ethereum ZCash Mining Rig Frame 6 GPU with 4x120mm fan open air frame https://t.co/AJLLbN5usn #bitcoin https://t.co/4VVhk3izbc
SportsbookBTC,2017-11-19 21:06:06,ğŸ€ğŸ€ğŸ€ Bitcoin Sportsbook INplay ğŸ“£ 4th Quarter ğŸš€ via https://t.co/0I4IIflkwI
Cheapshopsite,2017-11-19 21:06:06,Bitcoin Investing Live | - https://t.co/KaNCieUo26
perfect4money,2017-11-19 21:06:06,", Easy Bitcoin Profits? https://t.co/jLEq7nNaZT"
mozellsterling5,2017-11-19 21:06:07,RT @MOMOSTOCKTRADES: BUYğŸ‘‰ $DIGAF ğŸ‘ˆğŸ“ˆ20+BAGGER SOONğŸ˜² $JBZY $HMNY $SANP #BITCOIN $BTCS $BTSC $RMRK $CCTL $GBTC $IFXY $MGTI $BITCF $SINGâ€¦ 
CryptoCrops,2017-11-19 21:06:08,The Crypto Show At Day 2 Texas Bitcoin Conference III https://t.co/YVzQNjOKcL
me_dianadsz,2017-11-19 21:06:08,RT @RXBit: Blockchain Ğ½ÑƒĞ¶ĞµĞ½ Ğ³Ñ€ÑƒĞ·Ğ¾Ğ¿ĞµÑ€ĞµĞ²Ğ¾Ğ·Ğ¾Ñ‡Ğ½Ñ‹Ğ¼ ĞºĞ¾Ğ¼Ğ¿Ğ°Ğ½Ğ¸ÑĞ¼ https://t.co/Nvrq3pyiy0  #bitcoin #ĞºÑ€Ğ¸Ğ¿Ñ‚Ğ¾Ğ²Ğ°Ğ»ÑÑ‚Ğ°â€¦ https://t.co/2vqyWvdioL
GreshamINTL,2017-11-19 21:06:09,#cryptocurrency #Crypto #cryptocurrencies #cryptocurrencynews #bitcoin #BTC #ethereum #BitcoinCash #bitcoins https://t.co/1N6lkyO3Po
kathytaft1305,2017-11-19 21:06:09,RT @MOMOSTOCKTRADES: BUYğŸ‘‰ $DIGAF ğŸ‘ˆğŸ“ˆ20+BAGGER SOONğŸ˜² $JBZY $HMNY $SANP #BITCOIN $BTCS $BTSC $RMRK $CCTL $GBTC $IFXY $MGTI $BITCF $SINGâ€¦ 
MarkHannaBTC,2017-11-19 21:06:09,lol guys $BCH is no the real bitcoin com'on stop asking me
me_dianadsz,2017-11-19 21:06:09,RT @FernandoHuamanX: What are some #Blockchain use cases?  #Mpgvip #cryptocurrency #ETHEREUM #defstar5 #bitcoinâ€¦ https://t.co/MhmaOZZHsB
VS,2017-11-19 21:06:09,"RT @lopp: Welcome to Bitcoin, newcomers! Here's your FAQ:  Q: Who should I trust? A: Nobody.  Q: When should I sell? A: Neverâ€¦ "
marcio7352,2017-11-19 21:06:10,RT @marcio7352: Earn Bitcoin while playing games      #    https://t.co/nci2uc6WAh
CQuoiLeBusiness,2017-11-19 21:06:10,RT @CryptoInfo_Blog: NEW Article sur le mining    https://t.co/XbvV4xGBBq  #cryptocurrency  #cryptomonnaie  #Mining #bitcoin  #future
FoundGiveaways,2017-11-19 21:06:10,Win 1 Million EOS GOLD Every Week!!!   See more at: https://t.co/9r3CsRVkPM #ethereum #eos #bitcoin #cryptocurrency #airdrop
LegenClan,2017-11-19 21:06:12,"RT @LegenClan: https://t.co/LzjA586qnY â€¦  @Google @Bitcoin  @Twitter win bitcoin here ,claim free 100 satoshi from faucetx20 aday  https://â€¦"
LitzBreakingNew,2017-11-19 21:06:12,Bitcoin Soars To Record High Above $8000 After Mugabe Speech: Withâ€¦ https://t.co/YLM7a0LF8n #breakingnews #news
AllanJPorter,2017-11-19 21:06:13,"RT @lopp: Welcome to Bitcoin, newcomers! Here's your FAQ:  Q: Who should I trust? A: Nobody.  Q: When should I sell? A: Neverâ€¦ "
jealvarezb343,2017-11-19 21:06:13,PanAmPost_es: Criptomoneda se masifica en #Colombia: PequeÃ±os comerciantes aceptan pagos con #Bitcoinâ€¦ https://t.co/KlxAmk20Cw
loriswagner1616,2017-11-19 21:06:13,RT @MOMOSTOCKTRADES: BUYğŸ‘‰ $DIGAF ğŸ‘ˆğŸ“ˆ20+BAGGER SOONğŸ˜² $JBZY $HMNY $SANP #BITCOIN $BTCS $BTSC $RMRK $CCTL $GBTC $IFXY $MGTI $BITCF $SINGâ€¦ 
FoundGiveaways,2017-11-19 21:06:13,RT @EOSGOLD_io: Win 1 million #EOSGGOLD each week!   See https://t.co/5bkqpu9dA1 to find out more...  #ethereum #eos #bitcoin #cryptocurrenâ€¦
cryptopuffin,2017-11-19 21:06:14,"RT @lopp: Welcome to Bitcoin, newcomers! Here's your FAQ:  Q: Who should I trust? A: Nobody.  Q: When should I sell? A: Neverâ€¦ "
loyal_chicoine,2017-11-19 21:06:14,"RT @rajneeshchhabra: Prudential, StarHub to Launch #Blockchain Trade Platform In Singapore https://t.co/YTWfMoTwEc #Cryptoâ€¦ "
cryptominernews,2017-11-19 21:06:14,RT @JoeManzanares: Mike and Nathanielâ€™s Week in Tech: Everybody Loves Bitcoin https://t.co/IxKlrBmBdU
armor123123,2017-11-19 21:06:15,"RT @BitcoinTotalBot: Current Bitcoin Price = $9405.26 --- Includes Sum of Forks, Core $8080.09 + Cash $1164.42 + Gold $160.75"
joshmccormack,2017-11-19 21:06:15,A month ago I bought $100 worth of #bitcoin. It's up a little over 36% today. Not bad for one month.
Slater_Skater,2017-11-19 21:06:15,"RT @rajneeshchhabra: Prudential, StarHub to Launch #Blockchain Trade Platform In Singapore https://t.co/YTWfMoTwEc #Cryptoâ€¦ "
LebrunAlgernon,2017-11-19 21:06:15,"RT @rajneeshchhabra: Prudential, StarHub to Launch #Blockchain Trade Platform In Singapore https://t.co/YTWfMoTwEc #Cryptoâ€¦ "
web_freestyle,2017-11-19 21:06:16,ãƒ“ãƒƒãƒˆã‚³ã‚¤ãƒ³ã§å¾—ã—ãŸã„ãªã‚‰æ€¥ã’ï¼ï¼ https://t.co/g0mbOj2PPO   #æ‰‹æ•°æ–™ç„¡æ–™ #BitCoin #ä»®æƒ³é€šè²¨ #ãŠå¾—ãªã‚­ãƒ£ãƒ³ãƒšãƒ¼ãƒ³
AndrewUnderwo0d,2017-11-19 21:06:16,"RT @rajneeshchhabra: Prudential, StarHub to Launch #Blockchain Trade Platform In Singapore https://t.co/YTWfMoTwEc #Cryptoâ€¦ "
HallamStorm,2017-11-19 21:06:16,"RT @rateico: Such a profitable rate will be no more, up to +2666%. Be one of the first #investors! Join our ICO Now! Together weâ€¦ "
SebastianGibs0n,2017-11-19 21:06:17,"RT @rajneeshchhabra: Prudential, StarHub to Launch #Blockchain Trade Platform In Singapore https://t.co/YTWfMoTwEc #Cryptoâ€¦ "
WilliamArnold98,2017-11-19 21:06:17,"RT @rajneeshchhabra: Prudential, StarHub to Launch #Blockchain Trade Platform In Singapore https://t.co/YTWfMoTwEc #Cryptoâ€¦ "
quttera,2017-11-19 21:06:17,How Hackers Use Your Website For #Bitcoin Mining? What are the symptoms of an infected website? #Quttera #infosec https://t.co/IdNG3hBgKe
AskMeChristian,2017-11-19 21:06:18,"RT @rajneeshchhabra: Prudential, StarHub to Launch #Blockchain Trade Platform In Singapore https://t.co/YTWfMoTwEc #Cryptoâ€¦ "
Mr_Right_4u,2017-11-19 21:06:18,Food for thought... https://t.co/LIz0aDLR1q
zpkfiqodjvg2865,2017-11-19 21:06:18,RT @Babacool123: EthConnect Investissmenet https://t.co/aG2DzV3VG6 #bitcoin #argent #money
mayank2011,2017-11-19 21:06:18,RT @SJosephBurns: Amazon has almost no stores ğŸª Uber owns almost no cars ğŸš— Facebook creates no content âœï¸ Alibaba has no inventory ğŸ“šâ€¦ 
ebizorxasq,2017-11-19 21:06:19,RT @rocketico_io: Check out the interview with our advisor Nelli Orlova - Startup Entrepreneur and Co-founder of InnMind!â€¦ 
catarinamorri20,2017-11-19 21:06:19,RT @MOMOSTOCKTRADES: BUYğŸ‘‰ $DIGAF ğŸ‘ˆğŸ“ˆ20+BAGGER SOONğŸ˜² $JBZY $HMNY $SANP #BITCOIN $BTCS $BTSC $RMRK $CCTL $GBTC $IFXY $MGTI $BITCF $SINGâ€¦ 
lorinegeiger181,2017-11-19 21:06:19,RT @applancer_crypt: Future of digital currencies might not involve Blockchain https://t.co/aZxaqhxgOy #digitalcurrencies #Blockchain #bitcâ€¦
stainlez1,2017-11-19 21:06:19,"RT @_tm3k: bitcoin under $100,000 is cheap"
RuggeroRespigo,2017-11-19 21:06:19,"Ruggero Respigo : [For Hire] Professional Cryptocurrency Writer: Covering Bitcoin, Ethereum, and the Stock Market vâ€¦ https://t.co/4BHaFsAsIo"
frankgreene490l,2017-11-19 21:06:20,Long/Short Bitcoin swings with up to 100x Leverage at Bitmex! ğŸ’°ğŸ’°  Enjoy a 10% Fee Discount! ğŸ‘ŒğŸ½  â–¶ï¸â€¦ https://t.co/g0FweOxDym
Boardwine5,2017-11-19 21:06:20,"RT @rajneeshchhabra: Prudential, StarHub to Launch #Blockchain Trade Platform In Singapore https://t.co/YTWfMoTwEc #Cryptoâ€¦ "
marcio7352,2017-11-19 21:06:21,RT @marcio7352: bitcoins mine gratuite      https://t.co/LxmfHfPclS     https://t.co/sPjvNRr1LD     Litecoins mine gratuiteâ€¦ 
stevenrguitar,2017-11-19 21:06:21,"RT @rajneeshchhabra: Prudential, StarHub to Launch #Blockchain Trade Platform In Singapore https://t.co/YTWfMoTwEc #Cryptoâ€¦ "
WahWhoWah,2017-11-19 21:06:21,"RT @lopp: Welcome to Bitcoin, newcomers! Here's your FAQ:  Q: Who should I trust? A: Nobody.  Q: When should I sell? A: Neverâ€¦ "
Nourelyaki1,2017-11-19 21:06:21,RT @wavesprice: Current Prices:  1 Waves = 5.04795$ 1 Waves = 0.00062669BTC  $waves #waves #wavesplatform #bitcoin
Luckkyyy,2017-11-19 21:06:21,Ğ’Ñ€ĞµĞ¼Ñ Bitcoin Ğ±Ğ°Ğ½ĞºĞ¾Ğ²? https://t.co/1t3FqiRi6f
Brett_Kotas,2017-11-19 21:06:21,Couldn't be a more true statement out there #Crypto #Cryptocurrency #bitcoin https://t.co/homlJdgtlu
wulf_madge,2017-11-19 21:06:22,RT @MOMOSTOCKTRADES: BUYğŸ‘‰ $DIGAF ğŸ‘ˆğŸ“ˆ20+BAGGER SOONğŸ˜² $JBZY $HMNY $SANP #BITCOIN $BTCS $BTSC $RMRK $CCTL $GBTC $IFXY $MGTI $BITCF $SINGâ€¦ 
afqsfsolbq2218,2017-11-19 21:06:22,RT @BIGMONEYMIKE6: GOT #PENNYSTOCKS ?  $VIDA WILL BE RELEASING A Lavar Ball @Lavarbigballer #BITCOIN !!!  GRAB EVERY SHARE U CAN UNDERâ€¦ 
NoEmptyTalk,2017-11-19 21:06:22,"AND the thing about bitcoin is, if a person with bitcoin dies, no need to cry about spilled milk, everyone else's bâ€¦ https://t.co/ufa1O1FhKg"
EdwardQRodrigue,2017-11-19 21:06:22,"RT @rajneeshchhabra: Prudential, StarHub to Launch #Blockchain Trade Platform In Singapore https://t.co/YTWfMoTwEc #Cryptoâ€¦ "
RubricSantana,2017-11-19 21:06:22,@twitmadin I'll accept your apology in Bitcoin ğŸ˜Š https://t.co/KLlsmbvxif
yoshiking1031,2017-11-19 21:06:23,RT @hunt_bet: We are glad to announce that our new marketing plan is almost ready. Hope you will like it!â˜ºï¸ #huntbet #hunt #ico #eth #bitcoâ€¦
BrianHWalker,2017-11-19 21:06:23,"RT @rajneeshchhabra: Prudential, StarHub to Launch #Blockchain Trade Platform In Singapore https://t.co/YTWfMoTwEc #Cryptoâ€¦ "
cryptominernews,2017-11-19 21:06:23,RT @CryptoCrops: The Crypto Show At Day 2 Texas Bitcoin Conference III https://t.co/YVzQNjOKcL
AleenMathews,2017-11-19 21:06:23,"RT @rajneeshchhabra: Prudential, StarHub to Launch #Blockchain Trade Platform In Singapore https://t.co/YTWfMoTwEc #Cryptoâ€¦ "
CQuoiLeBusiness,2017-11-19 21:06:23,RT @MichelNizon: Comme promis mon 181Ã¨me post vient d'Ãªtre publiÃ©. Le feuilleton DomRaider continue... https://t.co/uCDIgCFDAtâ€¦ 
MichelleGarron,2017-11-19 21:06:24,"RT @rajneeshchhabra: Prudential, StarHub to Launch #Blockchain Trade Platform In Singapore https://t.co/YTWfMoTwEc #Cryptoâ€¦ "
lebompshe,2017-11-19 21:06:24,"RT @cryptomea: @kevinmesserly Bitcoin total supply = 21,000,000 BTC  0.00000001 = 1 unit 1 BTC = 100,000,000 units (satoshi)  Totaâ€¦ "
peterocks23,2017-11-19 21:06:24,"RT @rajneeshchhabra: Prudential, StarHub to Launch #Blockchain Trade Platform In Singapore https://t.co/YTWfMoTwEc #Cryptoâ€¦ "
jenaekolzow2054,2017-11-19 21:06:24,RT @MOMOSTOCKTRADES: BUYğŸ‘‰ $DIGAF ğŸ‘ˆğŸ“ˆ20+BAGGER SOONğŸ˜² $JBZY $HMNY $SANP #BITCOIN $BTCS $BTSC $RMRK $CCTL $GBTC $IFXY $MGTI $BITCF $SINGâ€¦ 
KimCommunicator,2017-11-19 21:06:25,"RT @rajneeshchhabra: Prudential, StarHub to Launch #Blockchain Trade Platform In Singapore https://t.co/YTWfMoTwEc #Cryptoâ€¦ "
EntrepreneurGia,2017-11-19 21:06:25,"RT @rajneeshchhabra: Prudential, StarHub to Launch #Blockchain Trade Platform In Singapore https://t.co/YTWfMoTwEc #Cryptoâ€¦ "
LisaCarlyle76,2017-11-19 21:06:26,"RT @rajneeshchhabra: Prudential, StarHub to Launch #Blockchain Trade Platform In Singapore https://t.co/YTWfMoTwEc #Cryptoâ€¦ "
RonaldCHill,2017-11-19 21:06:26,"RT @rajneeshchhabra: Prudential, StarHub to Launch #Blockchain Trade Platform In Singapore https://t.co/YTWfMoTwEc #Cryptoâ€¦ "
ofeliawalker141,2017-11-19 21:06:26,RT @VectraSA: Checkout Paytag! https://t.co/9RqIvoSW9Z It's going to make cryptocurrencies awesome.ğŸ˜ƒğŸ’° @get_paytag #bitcoinâ€¦ 
sebwit,2017-11-19 21:06:26,Office chair for #crypto traders: https://t.co/ywpgnEPYPj #cryptocurrency #bitcoin $BTC
BDunoon,2017-11-19 21:06:27,"RT @rajneeshchhabra: Prudential, StarHub to Launch #Blockchain Trade Platform In Singapore https://t.co/YTWfMoTwEc #Cryptoâ€¦ "
LIncoinbit,2017-11-19 21:06:26,100 cryptocurrencies described in four words or less #cryptocurrency #blockchain #bitcoin https://t.co/J54OBI6ptS https://t.co/QAfWeZ5m8r
TheBitcoinBLK,2017-11-19 21:06:27,And people that that #Bitcoin was on the verge of death...   #BTC $BTC #BitcoinCash https://t.co/M3hpnk7J2C
cryptobelfrey,2017-11-19 21:06:27,"RT @lopp: Welcome to Bitcoin, newcomers! Here's your FAQ:  Q: Who should I trust? A: Nobody.  Q: When should I sell? A: Neverâ€¦ "
marikosteinke21,2017-11-19 21:06:27,RT @MOMOSTOCKTRADES: BUYğŸ‘‰ $DIGAF ğŸ‘ˆğŸ“ˆ20+BAGGER SOONğŸ˜² $JBZY $HMNY $SANP #BITCOIN $BTCS $BTSC $RMRK $CCTL $GBTC $IFXY $MGTI $BITCF $SINGâ€¦ 
JohnWilliams698,2017-11-19 21:06:27,"RT @rajneeshchhabra: Prudential, StarHub to Launch #Blockchain Trade Platform In Singapore https://t.co/YTWfMoTwEc #Cryptoâ€¦ "
JohnZombieDoe,2017-11-19 21:06:28,"RT @rajneeshchhabra: Prudential, StarHub to Launch #Blockchain Trade Platform In Singapore https://t.co/YTWfMoTwEc #Cryptoâ€¦ "
LuxcessGroup,2017-11-19 21:06:28,New record high. https://t.co/5NXUyqpVSg
viiiiiinnn,2017-11-19 21:06:28,"RT @rajneeshchhabra: Prudential, StarHub to Launch #Blockchain Trade Platform In Singapore https://t.co/YTWfMoTwEc #Cryptoâ€¦ "
jacobsberg,2017-11-19 21:06:28,RT @mcmansionhell: I hate 2017 https://t.co/BbTwEiPhRZ
RobertsChapman,2017-11-19 21:06:28,"RT @rajneeshchhabra: Prudential, StarHub to Launch #Blockchain Trade Platform In Singapore https://t.co/YTWfMoTwEc #Cryptoâ€¦ "
marcio7352,2017-11-19 21:06:28,RT @marcio7352: bitcoins free mining        https://t.co/LxmfHfPclS          https://t.co/sPjvNRr1LD      litecoins free miningâ€¦ 
simms_amanda,2017-11-19 21:06:29,"RT @rajneeshchhabra: Prudential, StarHub to Launch #Blockchain Trade Platform In Singapore https://t.co/YTWfMoTwEc #Cryptoâ€¦ "
loni_casper,2017-11-19 21:06:29,RT @MOMOSTOCKTRADES: BUYğŸ‘‰ $DIGAF ğŸ‘ˆ20+BAGGER SOONğŸ˜²LIKE $JBZY $GRCK $UBQU $ICTY $UNVC $MYDX $ECOS $QSIM $BIEL $SOUPQ $INTK $RSII $APTYâ€¦ 
DanielCampbellp,2017-11-19 21:06:29,"RT @rajneeshchhabra: Prudential, StarHub to Launch #Blockchain Trade Platform In Singapore https://t.co/YTWfMoTwEc #Cryptoâ€¦ "
PeterAlexandrov,2017-11-19 21:06:30,"RT @rajneeshchhabra: Prudential, StarHub to Launch #Blockchain Trade Platform In Singapore https://t.co/YTWfMoTwEc #Cryptoâ€¦ "
NathanHovious,2017-11-19 21:06:30,"RT @rajneeshchhabra: Prudential, StarHub to Launch #Blockchain Trade Platform In Singapore https://t.co/YTWfMoTwEc #Cryptoâ€¦ "
heideman_corrin,2017-11-19 21:06:30,RT @MOMOSTOCKTRADES: BUYğŸ‘‰ $DIGAF ğŸ‘ˆğŸ“ˆ20+BAGGER SOONğŸ˜² $JBZY $HMNY $SANP #BITCOIN $BTCS $BTSC $RMRK $CCTL $GBTC $IFXY $MGTI $BITCF $SINGâ€¦ 
olivia_allen75,2017-11-19 21:06:31,"RT @rajneeshchhabra: Prudential, StarHub to Launch #Blockchain Trade Platform In Singapore https://t.co/YTWfMoTwEc #Cryptoâ€¦ "
clubemobile,2017-11-19 21:06:31,O que Ã© Criptomoeda?  #Bitcoin #BTC #BitcoinParaLeigos #Criptomoedas #Criptomoeda https://t.co/lVYJISnLiw
Amy____Jones,2017-11-19 21:06:31,"RT @rajneeshchhabra: Prudential, StarHub to Launch #Blockchain Trade Platform In Singapore https://t.co/YTWfMoTwEc #Cryptoâ€¦ "
yksvel,2017-11-19 21:06:31,"#BTGscam #BTGStoleMyMoney  #BTĞ¡ #BTG Ğ¯ Ñ‚ÑƒÑ‚ ÑĞ¾Ğ·Ğ´Ğ°Ğ» ÑÑ‚Ñ€Ğ°Ğ½Ğ¸Ñ‡ĞºÑƒ Ñ Ğ¸Ğ½Ñ„Ğ¾Ñ€Ğ¼Ğ°Ñ†Ğ¸ĞµĞ¹ Ğ½Ğ° Ñ€ÑƒÑÑĞºĞ¾Ğ¼, Ğ½Ğ°ÑÑ‡ĞµÑ‚ Ğ±Ğ¸Ñ‚ĞºĞ¾Ğ¸Ğ½Ğ¾Ğ², ÑƒĞºÑ€Ğ°Ğ´ĞµĞ½Ğ½Ñ‹Ñ…â€¦ https://t.co/BouGAOdLg6"
about_today007,2017-11-19 21:06:31,Bitcoin News | Is Bitcoin The New Gold ? Goldman Sachs ...   https://t.co/q4BTbgpjFl https://t.co/ho1Ono5GVM
Edan_Samuel,2017-11-19 21:06:32,"RT @rajneeshchhabra: Prudential, StarHub to Launch #Blockchain Trade Platform In Singapore https://t.co/YTWfMoTwEc #Cryptoâ€¦ "
denyowasekika,2017-11-19 21:06:31,RT @admin_crypto: What is Minerva?  -  https://t.co/71nvbvYbge #Blockchain #BTC #bitcoin #decentralized #Cryptocurrencyâ€¦ 
JanHill85,2017-11-19 21:06:32,"RT @rajneeshchhabra: Prudential, StarHub to Launch #Blockchain Trade Platform In Singapore https://t.co/YTWfMoTwEc #Cryptoâ€¦ "
APaden24,2017-11-19 21:06:32,@dkhesin123 @rogerkver Core vs cash are like political parties for the  (same) country of Bitcoin. Youâ€™re trying toâ€¦ https://t.co/LZaRrEtKfb
rfjstekqh1595,2017-11-19 21:06:32,RT @BIGMONEYMIKE6: $VIDA IS CURRENTLY TRADING AT $.0054  IT WILL SOON BE TRADING $.05+  LOAD ALL U CAN UNDER $.006  #BITCOINâ€¦ 
setherb,2017-11-19 21:06:33,RT @BitcoinAverage: BitcoinAverage - bitcoin price index - ($ 8029.5) - https://t.co/z6cbnPDdmv #bitcoin https://t.co/UOA1XINwGY
pigy20,2017-11-19 21:06:33,RT @BIGMONEYMIKE6: GOT #PENNYSTOCKS ?  $VIDA WILL BE RELEASING A Lavar Ball @Lavarbigballer #BITCOIN !!!  GRAB EVERY SHARE U CAN UNDERâ€¦ 
AngelaBailey95,2017-11-19 21:06:33,"RT @rajneeshchhabra: Prudential, StarHub to Launch #Blockchain Trade Platform In Singapore https://t.co/YTWfMoTwEc #Cryptoâ€¦ "
pfftltafffnhi11,2017-11-19 21:06:33,RT @MOMOSTOCKTRADES: BUYğŸ‘‰ $DIGAF ğŸ‘ˆğŸ“ˆ20+BAGGER SOONğŸ˜² $JBZY $HMNY $SANP #BITCOIN $BTCS $BTSC $RMRK $CCTL $GBTC $IFXY $MGTI $BITCF $SINGâ€¦ 
CryptoNickk,2017-11-19 21:06:33,"How I Went From 0 - 100,000 Subscribers In 8 Months! ($5,000 Bitcoin Giveaway, All Time Highs): https://t.co/Autl5L4aEh via @YouTube"
JoeRees78,2017-11-19 21:06:33,"RT @rajneeshchhabra: Prudential, StarHub to Launch #Blockchain Trade Platform In Singapore https://t.co/YTWfMoTwEc #Cryptoâ€¦ "
KlausLovgreen,2017-11-19 21:06:34,@CarpeNoctom Bitcoin is only 25% away from 10k - thatâ€™s just not worth it :-)
GavinLewis48,2017-11-19 21:06:34,"RT @rajneeshchhabra: Prudential, StarHub to Launch #Blockchain Trade Platform In Singapore https://t.co/YTWfMoTwEc #Cryptoâ€¦ "
ProTrader_Mike,2017-11-19 21:06:34,The Price of Bitcoin Exceeds $8K Across Global Exchanges https://t.co/Rxy7Q9Qxgx
WarrenW47848805,2017-11-19 21:06:34,Long/Short Bitcoin swings with up to 100x Leverage at Bitmex! ğŸ’°ğŸ’°  Enjoy a 10% Fee Discount! ğŸ‘ŒğŸ½  â–¶ï¸â€¦ https://t.co/xbw6wNMy94
CQuoiLeBusiness,2017-11-19 21:06:34,RT @lincepost: Petit Ã©vÃ©nement : #Ethereum n'est plus la deuxiÃ¨me #cryptomonnaie la plus populaire  https://t.co/2JTP2ZwZLX
CryptoEvo,2017-11-19 21:06:35,"New post (Today in Bitcoin News Podcast (2017-11-19) - Bitcoin $8,100 - LedgerX $10K Options - Trolling WSJ) has beâ€¦ https://t.co/XNilecNWda"
MaryLyman141,2017-11-19 21:06:35,"RT @rajneeshchhabra: Prudential, StarHub to Launch #Blockchain Trade Platform In Singapore https://t.co/YTWfMoTwEc #Cryptoâ€¦ "
EllenTheNutjob,2017-11-19 21:06:35,@DJThistle01 Lisk seems to be the only alt I have that grows with bitcoin
Jason_Langdon1,2017-11-19 21:06:35,"RT @rajneeshchhabra: Prudential, StarHub to Launch #Blockchain Trade Platform In Singapore https://t.co/YTWfMoTwEc #Cryptoâ€¦ "
marcio7352,2017-11-19 21:06:35,RT @marcio7352: bitcoins free mining     https://t.co/LxmfHfPclS   https://t.co/sPjvNRr1LD   mining gratuito litecoinsâ€¦ 
RoseKnox45,2017-11-19 21:06:35,"RT @rajneeshchhabra: Prudential, StarHub to Launch #Blockchain Trade Platform In Singapore https://t.co/YTWfMoTwEc #Cryptoâ€¦ "
HellcatLissa,2017-11-19 21:06:36,"RT @NoMoreWar_2017: #Dotard will be very angry if you RT this, so whatever you do, don't let anyone else know that his family businesseâ€¦ "
ConsueloHerre85,2017-11-19 21:06:36,"RT @rajneeshchhabra: Prudential, StarHub to Launch #Blockchain Trade Platform In Singapore https://t.co/YTWfMoTwEc #Cryptoâ€¦ "
abclinuxu,2017-11-19 21:06:36,Bitcoin pÅ™ekonal hranici 8 000 dolarÅ¯ https://t.co/w6g8UI1fZC
Criptovaleur,2017-11-19 21:06:36,RT @CoinLink_: Do You Constantly Check Bitcoin Price? Do it with style! https://t.co/uRokNDL24B
cryptonewsgroup,2017-11-19 21:06:36,Mark Karpeles Wants to Resurrect Mt Gox with an #ICO https://t.co/l2DhjDJr1b #bitstamp #crypto #bitcoin
alevergara78,2017-11-19 21:06:36,RT @ipfconline1: What is a Distributed Ledger? [Infographic] #Blockchain #SmartContract #Fintech #Bitcoin #Cryptocurrency #Ethereumâ€¦ 
cryptonewsgroup,2017-11-19 21:06:37,Even Investors with Access Want ICO Presale Reform https://t.co/QZoL78mj9C #features #crypto #bitcoin
johnnawiseman11,2017-11-19 21:06:37,RT @MOMOSTOCKTRADES: BUYğŸ‘‰ $DIGAF ğŸ‘ˆğŸ“ˆ20+BAGGER SOONğŸ˜² $JBZY $HMNY $SANP #BITCOIN $BTCS $BTSC $RMRK $CCTL $GBTC $IFXY $MGTI $BITCF $SINGâ€¦ 
HosmerDavid,2017-11-19 21:06:37,RT @SJosephBurns: Amazon has almost no stores ğŸª Uber owns almost no cars ğŸš— Facebook creates no content âœï¸ Alibaba has no inventory ğŸ“šâ€¦ 
jytxvtzms789,2017-11-19 21:06:38,"RT @BIGMONEYMIKE6: GOT #PENNYSTOCKS ?  WANNA TURN A $3,000 INVESTMENT INTO $30,000+ ?  BUY ALL THE $VIDA U CAN UNDER $.006  @jimcramerâ€¦ "
outlaw2097,2017-11-19 21:06:38,"Everytime I see new high prices for crypto, gotta accept where a 61.8% would drop the price.  For those playing aloâ€¦ https://t.co/T7cPDzOHJ2"
ywcxowelat1430,2017-11-19 21:06:39,RT @realtycoinsinc: The best is yet to come. #cryptocurrencies #bitcoin #ethereum #realtycoins #blockchain https://t.co/b8hrU5RxKn
mpb1505,2017-11-19 21:06:39,RT @miniapps_pro: Ten good reasons to launch #ICO https://t.co/7WxinkQAfX
genell,2017-11-19 21:06:39,"RT @_tm3k: bitcoin under $100,000 is cheap"
fynucalixaby,2017-11-19 21:06:39,"RT @wirelineio: #Bitcoin prices on Zimbabwe exchanges are nearly double anywhere else, as hyperinflation again strikes African natiâ€¦ "
bitcoinzohan,2017-11-19 21:06:40,RT @theonevortex: To all the people that side channeled me telling me $BCH was a hedge against $BTC. I firmly believe that there is nâ€¦ 
dionna_gram,2017-11-19 21:06:40,RT @MOMOSTOCKTRADES: BUYğŸ‘‰ $DIGAF ğŸ‘ˆğŸ“ˆ20+BAGGER SOONğŸ˜² $JBZY $HMNY $SANP #BITCOIN $BTCS $BTSC $RMRK $CCTL $GBTC $IFXY $MGTI $BITCF $SINGâ€¦ 
gennieeisensch3,2017-11-19 21:06:41,RT @MOMOSTOCKTRADES: BUYğŸ‘‰ $DIGAF ğŸ‘ˆğŸ“ˆ20+BAGGER SOONğŸ˜² $JBZY $HMNY $SANP #BITCOIN $BTCS $BTSC $RMRK $CCTL $GBTC $IFXY $MGTI $BITCF $SINGâ€¦ 
soyauuwenbdibf1,2017-11-19 21:06:41,RT @VectraSA: Checkout Paytag! https://t.co/9RqIvoSW9Z It's going to make cryptocurrencies awesome.ğŸ˜ƒğŸ’° @get_paytag #bitcoinâ€¦ 
scottrick21,2017-11-19 21:06:42,"RT @rogerkver: Bitcoin Cash is not an offshoot of Bitcoin,  It's the original Bitcoin with the original functionality restored. https://t.câ€¦"
lehuyit275,2017-11-19 21:06:42,#CETO #CETOPLATFROM #CRYTO #WAVES https://t.co/Y9XChdNQTb
johnny_mac01,2017-11-19 21:06:44,"RT @CoinMarketCap: The price of Bitcoin just crossed $8,000! Total Market Cap: 236B  https://t.co/fi55d4aaQr  #CoinMarketCap #bitcoin httpsâ€¦"
bitcointens,2017-11-19 21:06:44,â¤ï¸ Is Japan New Bitcoin Trading Superpower https://t.co/qeyrMh4rWb #bitcoin #Bitcoin #BitcoinExchange https://t.co/y105u6jgrd
leanoralelah201,2017-11-19 21:06:45,RT @MOMOSTOCKTRADES: BUYğŸ‘‰ $DIGAF ğŸ‘ˆğŸ“ˆ20+BAGGER SOONğŸ˜² $JBZY $HMNY $SANP #BITCOIN $BTCS $BTSC $RMRK $CCTL $GBTC $IFXY $MGTI $BITCF $SINGâ€¦ 
ivucobe,2017-11-19 21:06:46,RT @STKtoken: STK token https://t.co/fzs6LGMXrl #cryptocurrency #blockchain #ethereum #bitcoin #btc #bitcoins #ICO #tokenâ€¦ 
bitcointonic,2017-11-19 21:06:45,â¤ï¸ Is #Japan New #Bitcoin Trading #Superpower https://t.co/J5oUu47eCc https://t.co/ppkaSYD4fE
sananorris857,2017-11-19 21:06:46,RT @realtycoinsinc: Exciting! #Bitcoin A New All Time High #Crytocurrencies #realtycoins https://t.co/S9VSCwHnZe
PeterCa63200673,2017-11-19 21:06:46,Long/Short Bitcoin swings with up to 100x Leverage at Bitmex! ğŸ’°ğŸ’°  Enjoy a 10% Fee Discount! ğŸ‘ŒğŸ½  â–¶ï¸â€¦ https://t.co/gC6hh7pCQ8
OFabianC,2017-11-19 21:06:47,RT @zerohedge: Bitcoin Soars To Record High Above $8000 After Mugabe Speech https://t.co/bBlw9J2AwD
camprock09,2017-11-19 21:06:47,@ATweetingWolf Congrats! What's a bitcoin?
marinier_lessie,2017-11-19 21:06:48,RT @MOMOSTOCKTRADES: BUYğŸ‘‰ $DIGAF ğŸ‘ˆğŸ“ˆ20+BAGGER SOONğŸ˜² $JBZY $HMNY $SANP #BITCOIN $BTCS $BTSC $RMRK $CCTL $GBTC $IFXY $MGTI $BITCF $SINGâ€¦ 
KhariBaker,2017-11-19 21:06:48,#Bitcoin #Bittrex &gt;&gt;&gt;&gt;&gt;&gt;
AshharQureshi,2017-11-19 21:06:49,@haarriisssssss FYI https://t.co/5Gbbqx6Nyj
stone22stone,2017-11-19 21:06:50,"Dash Hits New All-Time High as Bitcoin, Bitcoin Cash Struggle #bitcoin .. https://t.co/VFBMbOS4PK"
littleidea,2017-11-19 21:06:50,"RT @FioraAeterna: this is cool (and evil!). a good real-world example of ""underhanded coding"": it literally snuck a bitcoin wallet-stâ€¦ "
Cems_Speqs,2017-11-19 21:06:51,#bitcoin $8000 dolarÄ± geÃ§ti ğŸ“ˆğŸš€  $btc #cryptocurrency #altcoin
_MarvinC,2017-11-19 21:06:51,RT @ProTrader_Mike: The Price of Bitcoin Exceeds $8K Across Global Exchanges https://t.co/Rxy7Q9Qxgx
pordanjalmer,2017-11-19 21:06:51,"RT @rogerkver: Bitcoin Cash is not an offshoot of Bitcoin,  It's the original Bitcoin with the original functionality restored. https://t.câ€¦"
MoeYaqub,2017-11-19 21:06:51,Free Bitcoins Faucet - Earn $100 free btc in 5 minutes https://t.co/fP2OJgKPAm #bitcoin #freebtc #getbtc
PumpingAltcoin,2017-11-19 21:06:51,The latest #Cryptocurrency #altcoin news daily! https://t.co/Fx2js3sKET Thanks to @CryptoFry @MagicNxt @Breus777 #bitcoin #tech
NarutoGive,2017-11-19 21:06:52,RT @MyCanalAccounts: ğŸ”¥Achetez MyCanal - CANAL INTEGRALEğŸ”¥  âœ”ï¸ PRIX : 18â‚¬ âœ”ï¸ GARANTIE : 4 MOIS âœ”ï¸ PAIEMENT : PAYPAL | BITCOIN |  PAYSAFECAâ€¦ 
melodiecallaha9,2017-11-19 21:06:53,RT @Babacool123: EthConnect Investissmenet https://t.co/aG2DzV3VG6 #bitcoin #argent #money
scalesjason,2017-11-19 21:06:53,"Well #bitcoin has now broken beyond the $8k barrier. Onwards and upwards, friends. #btc"
joze_pal,2017-11-19 21:06:53,RT @UTRUST_Official: Only 24 hours left. Join the revolution now! https://t.co/LSsu9SXJMH #CRYPTOREVOLUTION #ICO #UTRUST #cryptoâ€¦ 
latin_uber,2017-11-19 21:06:54,RT @aicollectiveus: Disruptive #technology and the quest for #Bigdata! #4org #innovation #bitcoin #govtech #hrtech #datamining https://t.coâ€¦
MarilouCallwood,2017-11-19 21:06:54,RT @MOMOSTOCKTRADES: BUYğŸ‘‰ $DIGAF ğŸ‘ˆğŸ“ˆ20+BAGGER SOONğŸ˜² $JBZY $HMNY $SANP #BITCOIN $BTCS $BTSC $RMRK $CCTL $GBTC $IFXY $MGTI $BITCF $SINGâ€¦ 
tornikefmc,2017-11-19 21:06:56,RT @awakenomad: $DGB/ $BTC 4H: Price inside bullish Gartley's potential reversal zone ___ #DigiByte  #Bittrex  #cryptotradingâ€¦ 
santanabarker23,2017-11-19 21:06:57,RT @applancer_crypt: Future of digital currencies might not involve Blockchain https://t.co/aZxaqhxgOy #digitalcurrencies #Blockchain #bitcâ€¦
cherrymad_,2017-11-19 21:06:58,@maxkeiser @maxkeiser . Why equate the Value of Bitcoin to the 'Petro Dollar' ?
LitMitchu,2017-11-19 21:06:58,"RT @LitMitchu: For you , what's the $ETN price in 2018 ? RT, vote  and like ğŸ˜‰ğŸ˜‰  @electroneum @electroneumico  #electroneumâ€¦ "
seldonbeta,2017-11-19 21:06:58,"@UAGH2 https://t.co/KCVNtlky3y ÄŸstad ben bu bitcoinleri bulsam zenginim, hiÃ§ sikimde olmaz gÃ¼ven, mÃ¼ven kominizm falan"
Carolyn02803005,2017-11-19 21:06:58,Long/Short Bitcoin swings with up to 100x Leverage at Bitmex! ğŸ’°ğŸ’°  Enjoy a 10% Fee Discount! ğŸ‘ŒğŸ½  â–¶ï¸â€¦ https://t.co/6oHzZoOL1r
CQuoiLeBusiness,2017-11-19 21:06:59,RT @BitcoinTunisie: Prix Actuel du #Bitcoin est $8045.65 via @Chain https://t.co/ni1VmYnd9g
cryptominernews,2017-11-19 21:06:59,"RT @CryptoEvo: New post (Today in Bitcoin News Podcast (2017-11-19) - Bitcoin $8,100 - LedgerX $10K Options - Trolling WSJ) has beâ€¦ "
mickios126,2017-11-19 21:06:59,"Bitcoin package, Forex package and Techcoin full presentation of how it all works: https://t.co/U7E3pw6BD0 via @YouTube"
guas04,2017-11-19 21:06:59,I just voted for Bits2u | PTC + PTP + Bitcoin Cloud Mining + Cheap Advertise + Vote Reward on the Top Site List Besâ€¦ https://t.co/ATydbHIAYh
quinnthaeskimo,2017-11-19 21:06:59,"RT @_tm3k: bitcoin under $100,000 is cheap"
maejones2994,2017-11-19 21:07:00,RT @MOMOSTOCKTRADES: BUYğŸ‘‰ $DIGAF ğŸ‘ˆğŸ“ˆ20+BAGGER SOONğŸ˜² $JBZY $HMNY $SANP #BITCOIN $BTCS $BTSC $RMRK $CCTL $GBTC $IFXY $MGTI $BITCF $SINGâ€¦ 
rasslmn,2017-11-19 21:07:00,"RT @earthtokens: ""Preserving the #Earth for future generations"" - Earth Token #crowdsale #blockchain #earthtoken #bitcoin #crypto"
catarinamorri20,2017-11-19 21:07:00,RT @MOMOSTOCKTRADES: BUYğŸ‘‰ $DIGAF ğŸ‘ˆ20+BAGGER SOONğŸ˜²LIKE $JBZY $GRCK $UBQU $ICTY $UNVC $MYDX $ECOS $QSIM $BIEL $SOUPQ $INTK $RSII $APTYâ€¦ 
blockchainbot,2017-11-19 21:07:00,New #bitcoin block 000000000000000000b36383d8f8c9a250fdf50c8d18c369bff9b2ab7737e01b mined at height 495136.
deweydemalcolm,2017-11-19 21:07:01,"Dans un an, un numÃ©ro spÃ©cial de #Capital sur les gens qui ont tout perdu en ayant misÃ© sur le bitcoin"
MyCanalAccounts,2017-11-19 21:07:01,ğŸ”¥Achetez SFR SPORT + beIN SPORTğŸ”¥  âœ”ï¸ PRIX : 15â‚¬ âœ”ï¸ GARANTIE : 4 MOIS âœ”ï¸ PAIEMENT : PAYPAL | BITCOIN |  PAYSAFECARDâ€¦ https://t.co/kIerLRd14Z
AyoubRo7alain,2017-11-19 21:07:01,"RT @ShbabKits: Ø§Ù„ÙÙŠØ¯ÙŠÙˆ Ù…Ù…ØªØ§Ø² Ù„Ø£Ø®Ø° ÙÙƒØ±Ø© Ø¹Ù† Ø§Ù„Ø¹Ù…Ù„Ø© Ø§Ù„Ø±Ù‚Ù…ÙŠØ© ""Bitcoin"" Ø³Ø¹Ø± Ø¨Ù€Bitcoin Ø§Ù„ÙˆØ§Ø­Ø¯Ø© ÙˆØµÙ„ Ø­Ø§Ù„ÙŠØ§Ù‹  7800$ Ø¨ÙØªØ±Ø© Ù‚ØµÙŠØ±Ø© Ø¬Ø¯Ø§Ù‹ https://t.co/7Zâ€¦"
SelinAnimesh,2017-11-19 21:07:01,"RT @Innar123: BitKong | Fun &amp; Addictive, provably fair bitcoin game https://t.co/XNAsbrG4a6 #bitcoin via @bitkongme"
2christian,2017-11-19 21:07:02,RT @tray24u1: #Cryptoconspiracy #Bitcoin #pizzagate #blockchain  @chiIIum @DropThe_Mic @Thomas1774Paine @GeorgWebb @PrisonPlanetâ€¦ 
AnnaSokologors2,2017-11-19 21:07:03,@forex @btc @fx #bitcoin No â€˜Tokenâ€™ Response: UNICEF Is Open to Launching Its Own ICO https://t.co/GPXw7WqxJb
SteEst,2017-11-19 21:07:04,"RT @MatiasReggiardo: El precio del Bitcoin hace un aÃ±o atrÃ¡s, USD 750. Ahora 8040, representa un 972% de aumento https://t.co/Q9WRMDj4II"
leanoralelah201,2017-11-19 21:07:04,RT @MOMOSTOCKTRADES: BUYğŸ‘‰ $DIGAF ğŸ‘ˆğŸ“ˆ20+BAGGER SOONğŸ˜² $JBZY $HMNY $SANP #BITCOIN $BTCS $BTSC $RMRK $CCTL $GBTC $IFXY $MGTI $BITCF $SINGâ€¦ 
lawiworu,2017-11-19 21:07:04,Bitcoin PTC - Earn BTC for Viewing Ads | BTCClicks https://t.co/cnCHifvdD7
slyviaflener251,2017-11-19 21:07:04,RT @realtycoinsinc: The best is yet to come. #cryptocurrencies #bitcoin #ethereum #realtycoins #blockchain https://t.co/b8hrU5RxKn
rosybejarano231,2017-11-19 21:07:04,RT @applancer_crypt: Future of digital currencies might not involve Blockchain https://t.co/aZxaqhxgOy #digitalcurrencies #Blockchain #bitcâ€¦
theressaconnel5,2017-11-19 21:07:04,RT @MOMOSTOCKTRADES: BUYğŸ‘‰ $DIGAF ğŸ‘ˆğŸ“ˆ20+BAGGER SOONğŸ˜² $JBZY $HMNY $SANP #BITCOIN $BTCS $BTSC $RMRK $CCTL $GBTC $IFXY $MGTI $BITCF $SINGâ€¦ 
CemmmYilmazzz,2017-11-19 21:07:05,RT @Cems_Speqs: #bitcoin $8000 dolarÄ± geÃ§ti ğŸ“ˆğŸš€  $btc #cryptocurrency #altcoin
ArgenPool,2017-11-19 21:07:05,RT @cryptoSqueeze: New All Time High for #Bitcoin on Finex $BTC https://t.co/Me6gYF3UhF
jilliangodsil,2017-11-19 21:07:05,"JPMorgan, Jamie Dimon, the Great Regulation Debate and why cryptocurrencies will be regulated https://t.co/S9BQyU1rlf via @CryptoCoinNews"
EthereumFunding,2017-11-19 21:07:05,RT @lincepost: Petit Ã©vÃ©nement : #Ethereum n'est plus la deuxiÃ¨me #cryptomonnaie la plus populaire  https://t.co/2JTP2ZwZLX
bayramgurkaya,2017-11-19 21:07:05,RT @ErkanBay1: @ErkinSahinoz Demokratik Para (?) Bitcoin https://t.co/ovCODFx1Bp
bithasher,2017-11-19 21:07:06,RT @connectiusteam: Pre-ICO Countdown runs. We have got already 244 BTC.  Thanks for your Trust on us. &lt;3  #ICO #Bitcoinâ€¦ 
EthereumFunding,2017-11-19 21:07:06,RT @globa_lotto: https://t.co/lUZXHaPAO8  How Bitconnect actually make money. Not Ponzi #bitcoin #lamborghini #lambonbâ€¦ 
SPFouche,2017-11-19 21:07:06,"RT @rogerkver: Bitcoin Cash is not an offshoot of Bitcoin,  It's the original Bitcoin with the original functionality restored. https://t.câ€¦"
ozaed,2017-11-19 21:07:06,"RT @lopp: Welcome to Bitcoin, newcomers! Here's your FAQ:  Q: Who should I trust? A: Nobody.  Q: When should I sell? A: Neverâ€¦ "
EthereumFunding,2017-11-19 21:07:06,RT @Breaking_Crypto: Current price of Bitcoin is $8045.65.
MennoPP,2017-11-19 21:07:07,"RT @lopp: Welcome to Bitcoin, newcomers! Here's your FAQ:  Q: Who should I trust? A: Nobody.  Q: When should I sell? A: Neverâ€¦ "
j_proietti,2017-11-19 21:07:07,I had the chance to attend a talk by #Komodo and #Monaize last Friday. Here I share my opinion on what will be worlâ€¦ https://t.co/JwIhNBRBsq
_crany,2017-11-19 21:07:07,RT @Thesasquatch_: Joined the party at $4850. https://t.co/oxgUeFz0tR
sharlenenickel4,2017-11-19 21:07:07,RT @MOMOSTOCKTRADES: BUYğŸ‘‰ $DIGAF ğŸ‘ˆğŸ“ˆ20+BAGGER SOONğŸ˜² $JBZY $HMNY $SANP #BITCOIN $BTCS $BTSC $RMRK $CCTL $GBTC $IFXY $MGTI $BITCF $SINGâ€¦ 
ecelballer,2017-11-19 21:07:08,RT @LydianCoinLtd: 24 hours left for your last chance on the 25% Pre-Sale for @LydianCoinLtd Token Offering. https://t.co/t13YxNUZnPâ€¦ 
margaretebrau11,2017-11-19 21:07:08,RT @MOMOSTOCKTRADES: BUYğŸ‘‰ $DIGAF ğŸ‘ˆğŸ“ˆ20+BAGGER SOONğŸ˜² $JBZY $HMNY $SANP #BITCOIN $BTCS $BTSC $RMRK $CCTL $GBTC $IFXY $MGTI $BITCF $SINGâ€¦ 
Kriptokoin,2017-11-19 21:07:08,"HaftalÄ±k kripto para fiyat analizi... Ã–nÃ¼mÃ¼zdeki hafta #Bitcoin, #Ethereum, #BitcoinCash ve #Ripple'Ä± neler bekliyoâ€¦ https://t.co/STE0ZeOEeY"
Vikingo5050,2017-11-19 21:07:09,RT @adslzone: Â¿Minar bitcoins con tu propio PC? Esta ha sido mi experiencia https://t.co/TBpVpXdAiU https://t.co/V1l7T5pPAB
MarilouCallwood,2017-11-19 21:07:09,RT @MOMOSTOCKTRADES: BUYğŸ‘‰ $DIGAF ğŸ‘ˆğŸ“ˆ20+BAGGER SOONğŸ˜² $JBZY $HMNY $SANP #BITCOIN $BTCS $BTSC $RMRK $CCTL $GBTC $IFXY $MGTI $BITCF $SINGâ€¦ 
CyberDomain,2017-11-19 21:07:09,RT @reach2ratan: What is #Blockchain?  https://t.co/o1bzYDZP81 #Fintech #makeyourownlane #Mpgvip #cryptocurrency #AI #defstar5 #MLâ€¦ 
sweetrain40,2017-11-19 21:07:10,Woooow! https://t.co/nEXsQd6pTd
BitNewsClick,2017-11-19 21:07:11,Now playing games doesn't require high-end PCs.: The times of gaming PCs are over. There .. #bitcoin #blockchain https://t.co/51vo2sLcu9
bitcoinexe,2017-11-19 21:07:11,æ—¥æœ¬ã§ã®Bitcoinæ›é‡‘ã‚’ä»£è¡Œã—ã¾ã™ã€‚ å††ã§å£²ã‚Šã€æ‰‹æ•°æ–™ã‚’å¼•ã„ãŸé¡ã‚’ãŠå¥½ããªæ–¹æ³•ã§é€ã‚Šã¾ã™ã€‚ ç›´æ¥æ¸¡ã— https://t.co/smGGx9RT3fã€€0366679373
WeDaFoodPlug,2017-11-19 21:07:11,who got $10 worth of bitcoin?
Cryptogeeks,2017-11-19 21:07:12,Watch out. There is another Bitcoin hard fork coming in the form of Bitcoin Diamond. This could be the reason for tâ€¦ https://t.co/R1XYRdo3NT
saranfry2349,2017-11-19 21:07:13,RT @MOMOSTOCKTRADES: BUYğŸ‘‰ $DIGAF ğŸ‘ˆ20+BAGGER SOONğŸ˜²LIKE $JBZY $GRCK $UBQU $ICTY $UNVC $MYDX $ECOS $QSIM $BIEL $SOUPQ $INTK $RSII $APTYâ€¦ 
rosybejarano231,2017-11-19 21:07:13,RT @MOMOSTOCKTRADES: BUYğŸ‘‰ $DIGAF ğŸ‘ˆğŸ“ˆ20+BAGGER SOONğŸ˜² $JBZY $HMNY $SANP #BITCOIN $BTCS $BTSC $RMRK $CCTL $GBTC $IFXY $MGTI $BITCF $SINGâ€¦ 
rasslmn,2017-11-19 21:07:14,RT @STKtoken: Our Japanese website is live! Check us out at https://t.co/rnwEnWl6mj &amp; join us on our Japanese Telegram channel @â€¦ 
bitcoinfirehose,2017-11-19 21:07:14,Should I buy now or wait for another dip? https://t.co/gqSK2IxLXG #reddit #bitcoin
hgvkfwsduvq1202,2017-11-19 21:07:14,"RT @BIGMONEYMIKE6: GOT #PENNYSTOCKS ?  LOAD UP ON $VIDA TOMORROW UNDER $.006  !!!!!!!!  ITS GOING TO $.05+  TURN UR $1,000 INVESTMENTâ€¦ "
lawspendclarity,2017-11-19 21:07:14,RT @fintab_io: Announcement of the FinTab ecosystem FinTab is an analytical system based on the financial accounting service for câ€¦ 
joze_pal,2017-11-19 21:07:14,RT @UTRUST_Official: UTRUST ICO - Only 9% of tokens left ğŸ”¥ğŸ”¥ğŸ”¥! Join the revolution now! https://t.co/LSsu9SXJMH #CRYPTOREVOLUTION #ICOâ€¦ 
bitcoinfirehose,2017-11-19 21:07:14,"Just found out that coinbase doesn't let Canadians withdraw, and I will need to transfer my Bitcoin to another exchâ€¦ https://t.co/FJ6q8Dgiwx"
Cryptogeeks,2017-11-19 21:07:14,Episode about the bitcoin on big bang theory ! Don't miss the rocket to the MOON !! - https://t.co/OrllDFrIsw
bitcoinfirehose,2017-11-19 21:07:15,Hardware Wallet Operation &amp; Safe Keeping https://t.co/YbratpDXhH #reddit #bitcoin
danieldlwis,2017-11-19 21:07:15,RT @MrHodl: Dooglus knows https://t.co/A5nBE8PdTl
richardcalhoun,2017-11-19 21:07:15,Bitcoin Soars To Record High Above $8000 After Mugabe Speech | Zero Hedge https://t.co/PUzFOO4T7L
BitcoinWrld,2017-11-19 21:07:15,Is #Bitcoin Really the 'New Gold'? - https://t.co/15KvZuI3Mm https://t.co/B8jZtmSvlf https://t.co/wE3GdzU1Qn
affiliatehh3,2017-11-19 21:07:16,ï¼’ï¼•ãƒ¶æœˆé€£ç¶šã§æœˆçµ¦ï¼—ï¼ï¼ä¸‡å††ï¼&gt;&gt;&gt; https://t.co/yyvNlWcY3J #Phoenix  #Liga  #Emirates  #Bitcoin #Pokemon Go #Kim Kardashian #Real Madrid
DottogG,2017-11-19 21:07:17,#gazecoin #BlockchainPRBuzz #gazecoin #BlockchainPRBuzz #gazecoin #BlockchainPRBuzz #gazecoin #BlockchainPRBuzz A Vâ€¦ https://t.co/AFcK20V150
cryptominernews,2017-11-19 21:07:17,RT @PumpingAltcoin: The latest #Cryptocurrency #altcoin news daily! https://t.co/Fx2js3sKET Thanks to @CryptoFry @MagicNxt @Breus777 #bitcoâ€¦
ymatsuura216,2017-11-19 21:07:17,"SegWit2xãƒãƒ¼ãƒ‰ãƒ•ã‚©ãƒ¼ã‚¯ã®çµ‚äº†ã¨ã€å…ˆæœˆã«èµ·ã“ã‚Šãã†ã ã£ãŸBitcoin Goldãƒãƒ¼ãƒ‰ãƒ•ã‚©ãƒ¼ã‚¯ã®ã‚³ãƒŸãƒ¥ãƒ‹ãƒ†ã‚£ã‚µãƒãƒ¼ãƒˆä¸è¶³ã‚’è€ƒæ…®ã—ã¦ã®ä¾¡æ ¼èª¿æ•´ã‚‚çµ‚äº†ï¼Ÿ8,100ç±³ãƒ‰ãƒ«ã§æ–°è¦æœ€é«˜å€¤ã‚’é”æˆï¼"
jhinesforusall,2017-11-19 21:07:17,"RT @Blockchainlife: ""#Bitcoin is a gift from God to help humanity sort out mess it has made with its money""   â€“ @maxkeiser https://t.co/s4Aâ€¦"
_cryptonite,2017-11-19 21:07:17,"RT @_tm3k: bitcoin under $100,000 is cheap"
Rocketnews1,2017-11-19 21:07:17,Here&amp;#39;s What Warren Buffett Really Thinks About Bitcoin | Hint: The cryptocurrency probably won't ... |â€¦ https://t.co/EkmbWdsIB3
TotiRoler,2017-11-19 21:07:18,"RT @lopp: Welcome to Bitcoin, newcomers! Here's your FAQ:  Q: Who should I trust? A: Nobody.  Q: When should I sell? A: Neverâ€¦ "
TheCloudNetwork,2017-11-19 21:07:18,"A Visit to a Bitcoin Mining Farm in Sichuan, China Reveals Troubles Beyond Regulation https://t.co/GDAOtPDQcxâ€¦ https://t.co/776hzLhCR6"
anhbuckley2365,2017-11-19 21:07:19,RT @MOMOSTOCKTRADES: BUYğŸ‘‰ $DIGAF ğŸ‘ˆğŸ“ˆ20+BAGGER SOONğŸ˜² $JBZY $HMNY $SANP #BITCOIN $BTCS $BTSC $RMRK $CCTL $GBTC $IFXY $MGTI $BITCF $SINGâ€¦ 
AtlasExchange,2017-11-19 21:07:20,Mike and Nathaniel's Week in Tech: Everybody Loves Bitcoin - New York Times https://t.co/ZF6x8xwXkk #btc
dkhesin123,2017-11-19 21:07:21,"@APaden24 @rogerkver Brother, your logic's flawed. Fine, thn BitcoinGold is Bitcoin as it's closest of all to Satosâ€¦ https://t.co/srLQUU3Jll"
Traderlinkup,2017-11-19 21:07:21,#bitvault https://t.co/rszAw9uajf
InsignaDesign,2017-11-19 21:07:22,@admin_crypto Minerva analysis @minervatoken https://t.co/Eg4fs6edGm
Jugapratim,2017-11-19 21:07:22,The Price of Bitcoin Exceeds $8K Across Global Exchanges The price of bitcoin reached an all-time high of over $8Kâ€¦ https://t.co/OyVr8fEUeX
kasandraleffle4,2017-11-19 21:07:23,RT @MOMOSTOCKTRADES: BUYğŸ‘‰ $DIGAF ğŸ‘ˆğŸ“ˆ20+BAGGER SOONğŸ˜² $JBZY $HMNY $SANP #BITCOIN $BTCS $BTSC $RMRK $CCTL $GBTC $IFXY $MGTI $BITCF $SINGâ€¦ 
alexiacorbett12,2017-11-19 21:07:24,RT @MOMOSTOCKTRADES: BUYğŸ‘‰ $DIGAF ğŸ‘ˆ20+BAGGER SOONğŸ˜²LIKE $JBZY $GRCK $UBQU $ICTY $UNVC $MYDX $ECOS $QSIM $BIEL $SOUPQ $INTK $RSII $APTYâ€¦ 
loriswagner1616,2017-11-19 21:07:24,RT @MOMOSTOCKTRADES: BUYğŸ‘‰ $DIGAF ğŸ‘ˆğŸ“ˆ20+BAGGER SOONğŸ˜² $JBZY $HMNY $SANP #BITCOIN $BTCS $BTSC $RMRK $CCTL $GBTC $IFXY $MGTI $BITCF $SINGâ€¦ 
natalieallan652,2017-11-19 21:07:24,Long/Short Bitcoin swings with up to 100x Leverage at Bitmex! ğŸ’°ğŸ’°  Enjoy a 10% Fee Discount! ğŸ‘ŒğŸ½  â–¶ï¸â€¦ https://t.co/LEmsnIivyj
DeViLsSON12,2017-11-19 21:07:24,"RT @rateico: Such a profitable rate will be no more, up to +2666%. Be one of the first #investors! Join our ICO Now! Together weâ€¦ "
JxJonathan,2017-11-19 21:07:25,"I liked a @YouTube video https://t.co/MV6lGNsd1Y How I Went From 0 - 100,000 Subscribers In 8 Months! ($5,000 Bitcoin Giveaway, All"
johnnawiseman11,2017-11-19 21:07:25,RT @MOMOSTOCKTRADES: BUYğŸ‘‰ $DIGAF ğŸ‘ˆğŸ“ˆ20+BAGGER SOONğŸ˜² $JBZY $HMNY $SANP #BITCOIN $BTCS $BTSC $RMRK $CCTL $GBTC $IFXY $MGTI $BITCF $SINGâ€¦ 
kathytaft1305,2017-11-19 21:07:26,RT @MOMOSTOCKTRADES: BUYğŸ‘‰ $DIGAF ğŸ‘ˆğŸ“ˆ20+BAGGER SOONğŸ˜² $JBZY $HMNY $SANP #BITCOIN $BTCS $BTSC $RMRK $CCTL $GBTC $IFXY $MGTI $BITCF $SINGâ€¦ 
winonastites181,2017-11-19 21:07:26,RT @MOMOSTOCKTRADES: BUYğŸ‘‰ $DIGAF ğŸ‘ˆğŸ“ˆ20+BAGGER SOONğŸ˜² $JBZY $HMNY $SANP #BITCOIN $BTCS $BTSC $RMRK $CCTL $GBTC $IFXY $MGTI $BITCF $SINGâ€¦ 
TheCryptoDream,2017-11-19 21:07:26,Great to hear @garyvee give his insight on Bitcoin &amp; Cryptocurrency at this year's ComplexCon.  #cryptocurrencyâ€¦ https://t.co/b15c063Yuq
staged9871,2017-11-19 21:07:26,Be 1st to get new book on building income by #investing in #bitcoin  $5 off w/ code BITCOIN  https://t.co/sS1K8dz9i3 https://t.co/Lo02f4xiD6
vldudcnu747,2017-11-19 21:07:27,RT @Babacool123: EthConnect Investissmenet https://t.co/aG2DzV3VG6 #bitcoin #argent #money
StartUpRealTime,2017-11-19 21:07:27,"RT @AirdropArena: Any store can buy, sell, and accept #Crypto with #PundiX #POS solution https://t.co/67UmTivZ3O by @PundiXLabsâ€¦ "
pegcruz2908,2017-11-19 21:07:28,RT @MOMOSTOCKTRADES: BUYğŸ‘‰ $DIGAF ğŸ‘ˆğŸ“ˆ20+BAGGER SOONğŸ˜² $JBZY $HMNY $SANP #BITCOIN $BTCS $BTSC $RMRK $CCTL $GBTC $IFXY $MGTI $BITCF $SINGâ€¦ 
clif_high,2017-11-19 21:07:28,@JEFFREYLKLUMP @twitttolllower @buygeeks one may purchase smaller increments of a bitcoin. They are called 'satoshiâ€¦ https://t.co/SzxlKGB9ao
Traderlinkup,2017-11-19 21:07:29,"RT @BitMedia1: Just recently, https://t.co/zPQgQWnbrS reported on the successful Bitcoin Cash hard fork that took place on Novembeâ€¦ "
awereweaceh,2017-11-19 21:07:29,Get bitcoin easily just by doing simple surveys and other offers https://t.co/vn2OJWxbim
bithasher,2017-11-19 21:07:29,RT @coindashio: CoinDash TGE Hack findings report 15.11.17 - Please follow the link - https://t.co/KMP3Y4bCqN #cryptocurrencyâ€¦ 
PavlosEvripidou,2017-11-19 21:07:30,@SatoshiLite @aantonop Andreas is THE MAN when it comes to bitcoin!
EnriqueOrnelas,2017-11-19 21:07:31,RT @quttera: How Hackers Use Your Website For #Bitcoin Mining? What are the symptoms of an infected website? #Quttera #infosec https://t.coâ€¦
cakgohsbmlsuu21,2017-11-19 21:07:32,RT @Babacool123: EthConnect Investissmenet https://t.co/aG2DzV3VG6 #bitcoin #argent #money
Taptempo3280,2017-11-19 21:07:32,"RT @alistairmilne: Bitcoin has 99 problems, but a $BCH ain't one - Jay Z"
YoSoyFotografo,2017-11-19 21:07:34,RT @ryuga_armstrong: #MexicoPorSiempre #FelizDomingo #bitcoin @500pxrtg @YoSoyFotografo @PintoFotografia https://t.co/2ZexdrMZM8
joze_pal,2017-11-19 21:07:34,"RT @TotumTeam: Crypto Factory 2017, Minskâ› Technology, Blockchain, Crypto Economy and very useful information regarding ICO campaiâ€¦ "
feelinmaga,2017-11-19 21:07:36,"RT @Cernovich: Bitcoin hit $8,000. What was it there ğŸ‘‡ğŸ», around $500? https://t.co/66bZ2EGh7u"
EagleStarNET,2017-11-19 21:07:36,Bitcoin Soars To Record High Above $8000 After Mugabe Speech https://t.co/Y6tb0w13J6
aakashg0,2017-11-19 21:07:36,"Two nights in Israel, two dinners overhearing conversation about Bitcoin. #TheFuture #StartupNation #SV2 https://t.co/HANzABMHS7"
ardiskemp1478,2017-11-19 21:07:37,"RT @realtycoinsinc: Bitcoinâ€™s market capitalization, or the total value of the digital coins in circulation, has grown from $92 billionâ€¦ "
sptoohwsfd230,2017-11-19 21:07:38,RT @MOMOSTOCKTRADES: BUYğŸ‘‰ $DIGAF ğŸ‘ˆğŸ“ˆ20+BAGGER SOONğŸ˜² $JBZY $HMNY $SANP #BITCOIN $BTCS $BTSC $RMRK $CCTL $GBTC $IFXY $MGTI $BITCF $SINGâ€¦ 
abuniemseum,2017-11-19 21:07:39,RT @EOSGOLD_io: Sign up for EOS GOLD Airdrop #1:  https://t.co/pXOTw9nUSS â€¦  #EOS #EOSGOLD #ETHEREUM #BITCOIN
huffsdad,2017-11-19 21:07:40,"RT @ponli137: #Core is not a group of specific individuals, but rather a rigorous process for open, transparent, quality assured developmenâ€¦"
feelinmaga,2017-11-19 21:07:40,RT @Cernovich: Bitcoin is the future.
kasandraleffle4,2017-11-19 21:07:40,RT @MOMOSTOCKTRADES: BUYğŸ‘‰ $DIGAF ğŸ‘ˆğŸ“ˆ20+BAGGER SOONğŸ˜² $JBZY $HMNY $SANP #BITCOIN $BTCS $BTSC $RMRK $CCTL $GBTC $IFXY $MGTI $BITCF $SINGâ€¦ 
gennieeisensch3,2017-11-19 21:07:41,RT @MOMOSTOCKTRADES: BUYğŸ‘‰ $DIGAF ğŸ‘ˆ20+BAGGER SOONğŸ˜²LIKE $JBZY $GRCK $UBQU $ICTY $UNVC $MYDX $ECOS $QSIM $BIEL $SOUPQ $INTK $RSII $APTYâ€¦ 
vntamtran,2017-11-19 21:07:41,"I'm going to ""Free Bitcoin &amp; Forex Trading Seminar Now in Dubai!""! Check it out on Eventbrite. https://t.co/xm5XzAUtNS"
shufflup,2017-11-19 21:07:41,RT @servalventures: Bitcoin and the Global Economy with @CristinaDolan at @ThinkRiseNY ! #startups https://t.co/Gk1WHe6EZN
MennoPP,2017-11-19 21:07:41,RT @WhalePanda: LOL. 3 butthurt idiots that want Bitcoin to crash and burn.  https://t.co/v7LGHDvPr9
joze_pal,2017-11-19 21:07:42,RT @InfoClimatecoin: Do you want to #Save the #planet and at the same time get profits from it? Buy #Climatecoin now! The #bitcoin ofâ€¦ 
bitcoinogcash,2017-11-19 21:07:42,"RT @rogerkver: Bitcoin Cash is not an offshoot of Bitcoin,  It's the original Bitcoin with the original functionality restored. https://t.câ€¦"
BCHFlippenning,2017-11-19 21:07:42,@LifndorCrypto @rogerkver Yeah mate! ğŸ˜‚ One that shares Satoshi's Genesis Block! This is what Bitcoin is with simpleâ€¦ https://t.co/i01QONlbBS
MecheMorao,2017-11-19 21:07:42,"RT @Culiquitacati: En el 2010 el Bitcoin costaba 0.06$, Cadivi te daba 300$, con los que podÃ­as comprar 5000 Bitcoins y al precio de Hâ€¦ "
SilkyFlo,2017-11-19 21:07:42,#BCH is busy trying to destroy the #Bitcoin @DigiByteCoin #digibyte @BKBrianKelly actually is solving real world prâ€¦ https://t.co/YictoDifNZ
lilliabarker201,2017-11-19 21:07:42,RT @MOMOSTOCKTRADES: BUYğŸ‘‰ $DIGAF ğŸ‘ˆ20+BAGGER SOONğŸ˜²LIKE $JBZY $GRCK $UBQU $ICTY $UNVC $MYDX $ECOS $QSIM $BIEL $SOUPQ $INTK $RSII $APTYâ€¦ 
chinevans2274,2017-11-19 21:07:43,RT @MOMOSTOCKTRADES: BUYğŸ‘‰ $DIGAF ğŸ‘ˆğŸ“ˆ20+BAGGER SOONğŸ˜² $JBZY $HMNY $SANP #BITCOIN $BTCS $BTSC $RMRK $CCTL $GBTC $IFXY $MGTI $BITCF $SINGâ€¦ 
sherylgillum846,2017-11-19 21:07:43,RT @Babacool123: EthConnect Investissmenet https://t.co/aG2DzV3VG6 #bitcoin #argent #money
GreenLondoner,2017-11-19 21:07:43,RT @maxkeiser: ğŸ‘ https://t.co/khtrKnYasf
hardmini2,2017-11-19 21:07:43,Bitcoin PTC - Earn BTC for Viewing Ads | BTCClicks https://t.co/qQXcBXc7xQ
stockcardhq,2017-11-19 21:07:44,"So you've been thinking about investing in Bitcoin? If so, the new edition of Stock Card Weekly is a must-read:â€¦ https://t.co/wNK19Kqbyz"
neuman_karon,2017-11-19 21:07:45,RT @MOMOSTOCKTRADES: BUYğŸ‘‰ $DIGAF ğŸ‘ˆğŸ“ˆ20+BAGGER SOONğŸ˜² $JBZY $HMNY $SANP #BITCOIN $BTCS $BTSC $RMRK $CCTL $GBTC $IFXY $MGTI $BITCF $SINGâ€¦ 
opennGold,2017-11-19 21:07:46,#bitcoin Troy University's Malavika Nair Says Bitcoin Is Something Different Than a Classicâ€¦ https://t.co/Hha0EflXpH
GreenLondoner,2017-11-19 21:07:47,Retweeted Max Keiser (@maxkeiser):  ğŸ‘ https://t.co/Da2Vdd7kD4 https://t.co/xqgsKvIZhH
mas_tan,2017-11-19 21:07:47,"RT @rogerkver: Bitcoin Cash is not an offshoot of Bitcoin,  It's the original Bitcoin with the original functionality restored. https://t.câ€¦"
gennieeisensch3,2017-11-19 21:07:47,RT @MOMOSTOCKTRADES: BUYğŸ‘‰ $DIGAF ğŸ‘ˆğŸ“ˆ20+BAGGER SOONğŸ˜² $JBZY $HMNY $SANP #BITCOIN $BTCS $BTSC $RMRK $CCTL $GBTC $IFXY $MGTI $BITCF $SINGâ€¦ 
MyCanalAccounts,2017-11-19 21:07:46,ğŸ”¥Achetez NBA LEAGUE PASS [International]ğŸ”¥  âœ”ï¸ PRIX : 15â‚¬ âœ”ï¸ GARANTIE : 4 MOIS âœ”ï¸ PAIEMENT : PAYPAL | BITCOIN |  PAYâ€¦ https://t.co/hkEG4v5MLH
DMCFILMS20,2017-11-19 21:07:49,"Cash in on the rise of #Bitcoin and as a newbie too! #Millionaires are being made everyday, why not you? not #MLM  https://t.co/QDDsPkB5lx"
KhariBaker,2017-11-19 21:07:49,Dont be afraid to DM me for information about #Bitcoin. Ill be happy to share my knowledge
kohaishikichike,2017-11-19 21:07:49,RT @langpie_project: ğŸ¯Â Let's go! #ICO #bitcoin #cryptocurrency #ethereum https://t.co/7LPtXDFt91
charlesmire,2017-11-19 21:07:49,"RT @RedditBTC: ""The rich don't need Bitcoin. The poor do. I already can transfer millions instantly. The poor cannot even send theâ€¦ "
opennGold,2017-11-19 21:07:50,#bitcoin Troy University's Malavika Nair Says Bitcoin Is Something Different Than a Classicâ€¦ https://t.co/8YHNVmtMhB
joze_pal,2017-11-19 21:07:51,RT @UTRUST_Official: Thank you Asia! We really loved our visit and look forward to more future blockchain presentations #UTRUSTâ€¦ 
NgBThnh2,2017-11-19 21:07:51,RT @CryptUniversity: 24.11 ğŸ‚ $OkCash Birthday! ğŸ‚  Waiting for big news in the next week! Thanks $ok ! ğŸš€ğŸš€ğŸš€  #FOMO #BreakingNewsâ€¦ 
CoinWisely,2017-11-19 21:07:51,RT @j_proietti: I had the chance to attend a talk by #Komodo and #Monaize last Friday. Here I share my opinion on what will be worlâ€¦ 
0xDEADBEEF_bot,2017-11-19 21:07:51,"#Bitcoin = 8024.99 $, 6803.43 E last hour change : -0.27% last 24h change : 2.99%"
RRCastilho97,2017-11-19 21:07:52,"RT @lopp: Welcome to Bitcoin, newcomers! Here's your FAQ:  Q: Who should I trust? A: Nobody.  Q: When should I sell? A: Neverâ€¦ "
barrytuckonline,2017-11-19 21:07:53,19 Industries the #blockchain will disrupt in the future. What you should know about #Bitcoin --â€¦ https://t.co/1vPEXcsXBZ
nikolaigrezki33,2017-11-19 21:07:53,RT @BitcoinWarz: Free bitcoins every day! https://t.co/rFxiprrPXU #BTC #Bitcoin #bitcoincash #crypto #cryptocurrency #coinmarketcapâ€¦ 
Borntraeger758,2017-11-19 21:07:55,RT @applancer_crypt: Future of digital currencies might not involve Blockchain https://t.co/aZxaqhxgOy #digitalcurrencies #Blockchain #bitcâ€¦
ilenebrown1621,2017-11-19 21:07:55,RT @MOMOSTOCKTRADES: BUYğŸ‘‰ $DIGAF ğŸ‘ˆğŸ“ˆ20+BAGGER SOONğŸ˜² $JBZY $HMNY $SANP #BITCOIN $BTCS $BTSC $RMRK $CCTL $GBTC $IFXY $MGTI $BITCF $SINGâ€¦ 
rebecca74569976,2017-11-19 21:07:54,Long/Short Bitcoin swings with up to 100x Leverage at Bitmex! ğŸ’°ğŸ’°  Enjoy a 10% Fee Discount! ğŸ‘ŒğŸ½  â–¶ï¸â€¦ https://t.co/R9nY5v8VhB
bdyakstclozqh11,2017-11-19 21:07:56,RT @MOMOSTOCKTRADES: BUYğŸ‘‰ $DIGAF ğŸ‘ˆğŸ“ˆ20+BAGGER SOONğŸ˜² $JBZY $HMNY $SANP #BITCOIN $BTCS $BTSC $RMRK $CCTL $GBTC $IFXY $MGTI $BITCF $SINGâ€¦ 
dionna_gram,2017-11-19 21:07:56,RT @applancer_crypt: Future of digital currencies might not involve Blockchain https://t.co/aZxaqhxgOy #digitalcurrencies #Blockchain #bitcâ€¦
alikahlane,2017-11-19 21:07:56,The Ali KAHLANE Daily est sorti de presse! https://t.co/7uc1b7HDp0 Les unes d'aujourd'hui via @Lrihendry @NickBellerose #afp #bitcoin
veripsa5,2017-11-19 21:07:57,"RT @lopp: Welcome to Bitcoin, newcomers! Here's your FAQ:  Q: Who should I trust? A: Nobody.  Q: When should I sell? A: Neverâ€¦ "
bithasher,2017-11-19 21:07:57,"RT @PayperExnet: Bitcoin near to all times high, BUY PAX token now! The only token based on Bitcoin https://t.co/3bQkwATMMo https://t.co/Y8â€¦"
ProjectCoin,2017-11-19 21:07:57,"In the last 10 mins, there were arb opps spanning 8 exchange pair(s), yielding profits ranging between $1.30 and $8,158.72 #bitcoin #btc"
ProjectCoin,2017-11-19 21:07:57,"LIVE: Profit = $8,158.72 (173.96 %). BUY B1.59 @ $6,410.00 (#VirCurex). SELL @ $8,072.00 (#Bitfinex) #bitcoin #btc - https://t.co/3Llv8VD3Mj"
jilliangodsil,2017-11-19 21:07:57,"JPMorgan, Jamie Dimon, the Great Regulation Debate and why cryptocurrencies will be regulated  @dashpayâ€¦ https://t.co/evG6ep6KyZ"
HempFashionNews,2017-11-19 21:07:57,RT @cryptocoinbanks: Cloud Platform for BTC Mining - FREE 30GHs Power Signup Bonus  https://t.co/yQwSkfwFmn #btc #free #bitcoinâ€¦ 
JohnSnowai,2017-11-19 21:07:57,RT @ipfconline1: What is a Distributed Ledger? [Infographic] #Blockchain #SmartContract #Fintech #Bitcoin #Cryptocurrency #Ethereumâ€¦ 
Cryptogeeks,2017-11-19 21:07:58,Litecoin: Lightning Labs Tests Its First Cross-Chain Atomic Swap Between Bitcoin and Litecoin - https://t.co/XTgKINo3Xn
carryhenderso20,2017-11-19 21:07:58,RT @MOMOSTOCKTRADES: BUYğŸ‘‰ $DIGAF ğŸ‘ˆğŸ“ˆ20+BAGGER SOONğŸ˜² $JBZY $HMNY $SANP #BITCOIN $BTCS $BTSC $RMRK $CCTL $GBTC $IFXY $MGTI $BITCF $SINGâ€¦ 
kirchner_luanna,2017-11-19 21:07:59,RT @MOMOSTOCKTRADES: BUYğŸ‘‰ $DIGAF ğŸ‘ˆğŸ“ˆ20+BAGGER SOONğŸ˜² $JBZY $HMNY $SANP #BITCOIN $BTCS $BTSC $RMRK $CCTL $GBTC $IFXY $MGTI $BITCF $SINGâ€¦ 
omiros23,2017-11-19 21:07:59,"RT @lopp: Welcome to Bitcoin, newcomers! Here's your FAQ:  Q: Who should I trust? A: Nobody.  Q: When should I sell? A: Neverâ€¦ "
Dom_Dela_Geez,2017-11-19 21:07:59,Me waiting to buy into the dip ğŸ˜¡ #Crytpo #Bitcoin #Btc #money https://t.co/JI8g6bvXBz
_MicheleSeven,2017-11-19 21:07:59,@MiguelCuneta @DanDarkPill @rogerkver He said he had no idea who I was except that I was a religious nut despite heâ€¦ https://t.co/Mi0G6TFaMw
macipodusa,2017-11-19 21:07:59,"RT @Andy_Hoffman_CG: WOW!  One of the most BITCOIN-BULLISH announcements ever!  PLEASE RETWEET, and make it VIRAL!  There will be a madâ€¦ "
ttvv1240,2017-11-19 21:08:00,RT @MyCanalAccounts: ğŸ”¥Achetez NBA LEAGUE PASS [International]ğŸ”¥  âœ”ï¸ PRIX : 15â‚¬ âœ”ï¸ GARANTIE : 4 MOIS âœ”ï¸ PAIEMENT : PAYPAL | BITCOIN |  PAYâ€¦ 
eduardbabushan,2017-11-19 21:08:00,Moon Bitcoin - The bitcoin faucet where YOU decide when to claim! https://t.co/6yWk6Vi2vW #bitcoin #faucet Ñ Ğ¿Ğ¾Ğ¼Ğ¾Ñ‰ÑŒÑ @Moon_Bitcoin
anhbuckley2365,2017-11-19 21:08:00,RT @MOMOSTOCKTRADES: BUYğŸ‘‰ $DIGAF ğŸ‘ˆğŸ“ˆ20+BAGGER SOONğŸ˜² $JBZY $HMNY $SANP #BITCOIN $BTCS $BTSC $RMRK $CCTL $GBTC $IFXY $MGTI $BITCF $SINGâ€¦ 
kenia_morrissey,2017-11-19 21:08:00,RT @MOMOSTOCKTRADES: BUYğŸ‘‰ $DIGAF ğŸ‘ˆğŸ“ˆ20+BAGGER SOONğŸ˜² $JBZY $HMNY $SANP #BITCOIN $BTCS $BTSC $RMRK $CCTL $GBTC $IFXY $MGTI $BITCF $SINGâ€¦ 
Dimapl24,2017-11-19 21:08:00,"RT @bitcoincomics: $8,000! #bitcoin https://t.co/E3ChOncsXo"
WendieRossie,2017-11-19 21:08:01,RT @MOMOSTOCKTRADES: BUYğŸ‘‰ $DIGAF ğŸ‘ˆğŸ“ˆ20+BAGGER SOONğŸ˜² $JBZY $HMNY $SANP #BITCOIN $BTCS $BTSC $RMRK $CCTL $GBTC $IFXY $MGTI $BITCF $SINGâ€¦ 
keisokuosan,2017-11-19 21:08:01,RT @SimplyVitalHQ: Weâ€™re creating a new kind of healthcare ecosystem with blockchain - read how here! https://t.co/cvTZXalw0Xâ€¦ 
bithasher,2017-11-19 21:08:01,RT @bankof_memories: Central Bank of Iran Plans Comprehensive Review of Cryptocurrency Policy  https://t.co/Apc6qphYmk  #Blockchain #ICOâ€¦ 
JJ72_UK,2017-11-19 21:08:03,Hyperbitcoinization #bitcoin      https://t.co/9H8IZW9Ctg
waifuz,2017-11-19 21:08:03,RT @mde_never_dies: Bitcoin 8000 fucking lol
Bitcoinized,2017-11-19 21:08:03,Mike and Nathaniel's Week in Tech: Everybody Loves Bitcoin - New York Times https://t.co/Y0l5fOPXr6
BFaucetsBrasil,2017-11-19 21:08:04,Bitcoin: Principais NotÃ­cias do Dia 13 Ã  19 de Novembro https://t.co/WPsz9pzS3X https://t.co/mEzcKe9baZ
alexandrabeauti,2017-11-19 21:08:04,"RT @rateico: Such a profitable rate will be no more, up to +2666%. Be one of the first #investors! Join our ICO Now! Together weâ€¦ "
MichaelSantani4,2017-11-19 21:08:04,"@Steven_McKie @pablowasserman @MyceliumCom @coinbase @ShapeShift_io If you were aware of that, then why are you comâ€¦ https://t.co/qm3Wn6nzhT"
al_dia17,2017-11-19 21:08:04,"RT @Blockchainlife: #Nimiq $NET -Installation free -Sync in Seconds -Instant transactions; Atomic Swaps -Transfer using FB, Whatsapp anâ€¦ "
ELgamerYT,2017-11-19 21:08:06,"Ik vind een @YouTube-video leuk: https://t.co/4EABjkAiDH How I Went From 0 - 100,000 Subscribers In 8 Months! ($5,000 Bitcoin"
lorinegeiger181,2017-11-19 21:08:05,RT @MOMOSTOCKTRADES: BUYğŸ‘‰ $DIGAF ğŸ‘ˆğŸ“ˆ20+BAGGER SOONğŸ˜² $JBZY $HMNY $SANP #BITCOIN $BTCS $BTSC $RMRK $CCTL $GBTC $IFXY $MGTI $BITCF $SINGâ€¦ 
YaxleyLupe,2017-11-19 21:08:06,RT @Babacool123: EthConnect Investissmenet https://t.co/aG2DzV3VG6 #bitcoin #argent #money
coinfinder_it,2017-11-19 21:08:07,"Boom!!! Emphy Nuovo Bitcoin? +40.11% nell'ultima ora $EPY, #emphy #btc #bitcoin #altcoins https://t.co/K9lSIwouzk"
BCHSloth,2017-11-19 21:08:07,Block: 504888  Size: 28.19 kb  Fee: 1.16$/kb  Price: 1174.04$ | 0.15 BTC  #BitcoinCash $BCH #BCH $BCC #BCCâ€¦ https://t.co/LwPAdxKtG5
abigail97802756,2017-11-19 21:08:06,Long/Short Bitcoin swings with up to 100x Leverage at Bitmex! ğŸ’°ğŸ’°  Enjoy a 10% Fee Discount! ğŸ‘ŒğŸ½  â–¶ï¸â€¦ https://t.co/DT49bNHBt9
cburniske,2017-11-19 21:08:07,"RT @lopp: Welcome to Bitcoin, newcomers! Here's your FAQ:  Q: Who should I trust? A: Nobody.  Q: When should I sell? A: Neverâ€¦ "
ttvv1240,2017-11-19 21:08:08,RT @MyCanalAccounts: ğŸ”¥Achetez SFR SPORT + beIN SPORTğŸ”¥  âœ”ï¸ PRIX : 15â‚¬ âœ”ï¸ GARANTIE : 4 MOIS âœ”ï¸ PAIEMENT : PAYPAL | BITCOIN |  PAYSAFECARDâ€¦ 
vuxjtedd2892,2017-11-19 21:08:08,RT @MOMOSTOCKTRADES: BUYğŸ‘‰ $DIGAF ğŸ‘ˆğŸ“ˆ20+BAGGER SOONğŸ˜² $JBZY $HMNY $SANP #BITCOIN $BTCS $BTSC $RMRK $CCTL $GBTC $IFXY $MGTI $BITCF $SINGâ€¦ 
caronkropelnic2,2017-11-19 21:08:08,RT @realtycoinsinc: The best is yet to come. #cryptocurrencies #bitcoin #ethereum #realtycoins #blockchain https://t.co/b8hrU5RxKn
ilinolga2015,2017-11-19 21:08:09,ĞŸĞ¾ĞºĞ° Ğ´ĞµĞ»Ğ°Ğ»Ğ¸ Ğ²Ğ¸Ğ´ĞµĞ¾ ĞšÑƒÑ€Ñ #Ğ‘Ğ¸Ñ‚ĞºĞ¾Ğ¸Ğ½Ğ° Ğ±Ñ‹Ğ» 7777$ ÑÑ‚Ğ°Ğ» ĞšÑƒÑ€Ñ #Bitcoin ÑƒĞ¶Ğµ 8000$ https://t.co/qHMPZCqClZ
MIBtek,2017-11-19 21:08:10,RT @CNBCFastMoney: Interactive Brokers CEO Thomas Peterffy: Bitcoin futures could cause the next financial crisis https://t.co/BasZcJKqgH
nikolaigrezki33,2017-11-19 21:08:10,RT @BitcoinWarz: The free bitcoin giveaway every day! on https://t.co/tTHHQ0a8c5 #BTC #giveaway #freebtc #bitconnect #bitcoinâ€¦ 
Numero110b,2017-11-19 21:08:10,"RT @deweydemalcolm: Dans un an, un numÃ©ro spÃ©cial de #Capital sur les gens qui ont tout perdu en ayant misÃ© sur le bitcoin"
SportsbookBTC,2017-11-19 21:08:10,âš½ï¸âš½ï¸ Bitcoin Sportsbook pre-live betting odds ğŸ“£ (SLV-AP) Sonsonate vs CD Audaz: 0-0 - Kick Off ğŸ“±Play now via â–º https://t.co/0I4IIflkwI
StrategyFintech,2017-11-19 21:08:11,RT @ipfconline1: What is a Distributed Ledger? [Infographic] #Blockchain #SmartContract #Fintech #Bitcoin #Cryptocurrency #Ethereumâ€¦ 
SportsbookBTC,2017-11-19 21:08:11,âš½ï¸âš½ï¸ Bitcoin Sportsbook pre-live betting odds ğŸ“£ (BRA-A) Atletico Paranaense vs Vasco DA Gama: 0-0 -â€¦ ğŸ“±Play now via â–º https://t.co/0I4IIflkwI
julieannfisch14,2017-11-19 21:08:11,RT @MOMOSTOCKTRADES: BUYğŸ‘‰ $DIGAF ğŸ‘ˆğŸ“ˆ20+BAGGER SOONğŸ˜² $JBZY $HMNY $SANP #BITCOIN $BTCS $BTSC $RMRK $CCTL $GBTC $IFXY $MGTI $BITCF $SINGâ€¦ 
SportsbookBTC,2017-11-19 21:08:12,âš½ï¸âš½ï¸ Bitcoin Sportsbook pre-live betting odds ğŸ“£ (BRA-A) Atletico Mineiro vs Coritiba: 1-0 - Goalâ€¦ ğŸ“±Play now via â–º https://t.co/0I4IIflkwI
alfremancera,2017-11-19 21:08:12,"RT @lopp: Welcome to Bitcoin, newcomers! Here's your FAQ:  Q: Who should I trust? A: Nobody.  Q: When should I sell? A: Neverâ€¦ "
johnnawiseman11,2017-11-19 21:08:12,RT @MOMOSTOCKTRADES: BUYğŸ‘‰ $DIGAF ğŸ‘ˆğŸ“ˆ20+BAGGER SOONğŸ˜² $JBZY $HMNY $SANP #BITCOIN $BTCS $BTSC $RMRK $CCTL $GBTC $IFXY $MGTI $BITCF $SINGâ€¦ 
theLeFeuvres,2017-11-19 21:08:12,RT @andybdenton: https://t.co/MP9beOAV3N
EdLeFeuvre,2017-11-19 21:08:13,RT @andybdenton: https://t.co/MP9beOAV3N
CondorELF,2017-11-19 21:08:13,RT @andybdenton: https://t.co/MP9beOAV3N
cordeliagreves4,2017-11-19 21:08:13,RT @MOMOSTOCKTRADES: BUYğŸ‘‰ $DIGAF ğŸ‘ˆğŸ“ˆ20+BAGGER SOONğŸ˜² $JBZY $HMNY $SANP #BITCOIN $BTCS $BTSC $RMRK $CCTL $GBTC $IFXY $MGTI $BITCF $SINGâ€¦ 
APaden24,2017-11-19 21:08:13,@dkhesin123 @rogerkver So your argument is bitcoin only has value because of first mover advantage? I donâ€™t follow.â€¦ https://t.co/5FZWd5rm5j
uasociolog,2017-11-19 21:08:13,RT @PaycentGlobal: Know why Bitcoin is here to stay and why we need it https://t.co/d9kePM04SR  Discover a way to use your Bitcoins thâ€¦ 
joze_pal,2017-11-19 21:08:14,RT @InfoNebeus: Indisputable advantages.  Without many words.   Become a part of the most transparent system nowâ€¦ 
green2_man1905,2017-11-19 21:08:14,RT @hakanalltun: AranÄ±zda #Bitcoin veya #Ethereum yatÄ±rÄ±mÄ± yapan varsa bana bi ulaÅŸabilir mi?  TeÅŸekkÃ¼rler.ğŸ™ƒ
smithcoin,2017-11-19 21:08:15,"RT @lopp: Welcome to Bitcoin, newcomers! Here's your FAQ:  Q: Who should I trust? A: Nobody.  Q: When should I sell? A: Neverâ€¦ "