created_at,sentiment,text
1493620573000,0,it s clear that the future of bitcoin is not in the us
1493623806000,1,trade with up to x leverage on bitmex bitcoin btc tradebitcoin
1493623869000,0,bitcoinsportsbook man city s home games vital for top four finish says via
1493624816000,0,and a rookie
1493624917000,-1,legal bitcoin trader detained in u s bitcoin
1493625300000,1,double your bitcoins in hours with hackbitcoin investorseurope blockchain
1493625311000,1,guys we did it game over all we gotta do is buy a couple of bitcoin and sit tight the adoption is happening rapidly already
1493625431000,0,bitcoin s parabolic curve btcusd
1493625830000,1,next big thing in gambling bitdice casino might have an answer bitcoin crypto
1493626502000,0,dogecoin mousepad for only free shipping doge dogecoin btc bitcoin
1493627508000,0,bitcoins btc bitcoin news
1493627948000,1,atlassian s mike cannon brookes lays claim to a bitcoin windfall
1493629702000,0,no it isn t if you don t understand that you re a fucking toolbag you ignore reality and nobody should listen to you got it
1493629992000,1,bitcoin atm network coinsource surpasses machine milestone texas based coinsource now claims to control of
1493630618000,0,bitcoin news north korea threatens to sink doomed us nuclear submarine
1493631696000,1,bitconnect proposes to empower people financially by distributing decentralized value bitcoin crypto
1493632054000,1,bitcoin atm network coinsource surpasses machine milestone
1493632694000,0,rt cryptojauregui news btc dash and litecoin analysis may bitcoin blockchain
1493633148000,1,behind on blockchain central banks are catching up quick bitcoin bitcoinnews btc cryptocurrency
1493633824000,0,arb between itbit and gemini bitcoin bitcoinprice
1493635776000,1,gana bitcoins gratis con
1493636552000,1,bitcoin price watch continuation or correction
1493637070000,0,wooow just look at this
1493639053000,1,bitcoin busts out to an all time high above yahoo finance
1493639419000,0,gana bitcoins gratis con
1493639601000,1,durban bitcoin seminar aims at educating south africans on crypto opportunities
1493640107000,1,bitcoin price can reach this year still has advantage expert cointelegraph bitcoin
1493640977000,1,bitcoin busts out to an all time high above business insider blockchain by
1493641129000,1,bitcoin wallet secure easy fast recharge your mobile whit your bitcoin
1493641926000,1,get free bitcoin every minutes
1493642483000,0,withdraw bitcoin bcbeceebcdbdfbffbcffcbcfa user id
1493642922000,0,in either case it does not fix side channels like typing rhythm though so i feel safer with two controllers one assigned to dom
1493644110000,1,bitcoin inc opens bitcoin email service to general public powered by
1493644306000,1,are national currencies headed to the blockchain forbes bitcoin blockchain
1493644550000,1,malta is embracing bitcoin and blockchain in sweeping national strategy
1493645014000,1,defensive consensus getting to a multi implementation bitcoin network
1493646314000,1,btc money workin u go to get started today buybitcoin btc crypto digitalcurrency bitcoin mlm
1493646498000,1,get free bitcoins faucets here
1493646685000,1,ether prices climb above setting new all time high bitcoin
1493646739000,-1,bafin issues cease and desist orders to ban onecoin activities in germany via r bitcoin
1493647204000,1,how can blockchain technology companies become more competitive bitcoin cryptocurrency iot crowdfunding
1493647211000,0,new bitcoin block aaefcacebadffcaffd mined at height
1493647434000,0,current price of btc is via chain bitcoin btc
1493647697000,1,last week in bitcoin price increase of via r bitcoin
1493648520000,1,last week in bitcoin price increase of sets new ath
1493649643000,1,hacker news how to buy bitcoin in japan
1493650590000,1,bitcoin news btc bitcoins bitcoin hits finex magic beans
1493651707000,1,bitcoin ethereum boom pushes digital currencies to billion market cap via
1493651845000,1,meet x the protocol that lets you trade ethereum tokens for free bitcoin crypto
1493653235000,0,trade with the best indicators bitcoin gold silver xauusd xagusd usoil ukoil btcusd oil fed ecb btc
1493654179000,1,hope you listened when it was dollars
1493654608000,0,the latest the crypto coins daily thanks to bitcoin btc
1493654621000,1,bitcoin price watch break bitcoin
1493654980000,1,i liked a video how to store your bitcoin ethereum dash etc
1493655581000,0,this is what a bank run looks like home capital loses of deposits in one week bitcoin uasociolog
1493655879000,1,bitcoin price passes to hit highest value in history
1493655886000,1,islands in the caribbean to adopt bitcoin
1493656425000,1,holy check this out
1493656753000,-1,dumbass
1493656868000,1,how money got free bitcoin and the figh infosec cybersecurity
1493657803000,-1,oops
1493658163000,-1,k bitfinex contracts short starting at if price hits on bfx forced liquidation will wipe bitcoin
1493659371000,0,valor do bitcoin neste momento r
1493661026000,1,with zero investment earn bitcoins daily bitcoin n naira whatsapp to start
1493662055000,1,market extra bitcoin ethereum climb to all time highs
1493662106000,1,bitcoin s time again
1493662449000,1,welcome to bitcoin birds get paid to retweet the messages that you like or pay others to spread your messages how does it
1493662585000,0,omg in plain fair view
1493662784000,-1,a thinking person s guide to the latest bitcoin drama bitcoin news headline
1493663004000,-1,hacker group threatens netflix with data leak for bitcoin ransom
1493664452000,1,host a bitcoin atm for your business bitcoin business atm
1493664971000,1,hourly free bitcoin and a chance to multiply your bitcoin earn freebitcoin here
1493665958000,1,bitcoin price can reach this year still has advantage expert
1493666244000,0,free bitcoin ethereum bitcoin earning
1493666959000,1,bitcoin ethereum climb to all time highs marketwatch
1493667495000,0,gana bitcoins gratis con
1493668455000,1,biostar s newest ryzen motherboards are built for bitcoin miners
1493668672000,0,bitcoin globe btcjam cannabis cultivation
1493669181000,1,now bitcoin buys you about maga hats
1493669305000,1,now bitcoin buys you about maga hats
1493669826000,1,bitcoin price btc usd where independents thrive
1493670226000,1,wings token arrives on ethereum trading on bittrex reaches million bitcoin
1493670392000,1,monday riding the dragon bitcoin
1493670798000,1,thefirsttrillionaire now bitcoin buys you about maga hats via sapnajha
1493671055000,0,bitcoin blockchain block reward btc halvening in blocks total supply
1493671303000,1,bitcoin is like air flooding into an airlock on a space station you cant see it happening suddenly there is increasing rushing noise
1493671678000,1,ethereum is catching up with bitcoin fast
1493672111000,0,the blockchain explained part the theory by bitcoin ecommerce iot secure transactions
1493672618000,1,blockchain bitcoin fintech bitcoin press release brand new bitcoin dice platform kingdice provides a dedica
1493672814000,1,bitcoin shatters all time high soars above
1493673665000,1,bitcoin skyrockets to fresh record high on a spike in demand from japan
1493673751000,1,and thinking on it more the option of no miner consent also implies they don t need the consent of full nodes either so wording is fine
1493675545000,0,bitcoin blockchain block reward btc halvening in blocks total supply
1493676049000,0,btc son gs btc gs pyg bitcoin paraguay guaranies
1493676196000,0,gana bitcoins gratis con
1493722223000,0,bitcoin bullmarket
1493743606000,1,brighton gets bitcoin atm finextra
1493668943000,1,gnt looking up
1493834496000,0,bitcoin services inc provides shareholder update bitcoin
1493993622000,0,i m a virgin and you click don t be shy
1494014539000,1,bitcoin is going mainstream but its current run up has a btc invest bitcoin btc
1494073993000,0,a lot of money goes to money heaven here ell uy bitcoin
1494107324000,1,hmerkb sdgdnda just won btc in our free lottery looking for free btc yabtcl bitcoin
1494245782000,1,webscale bot see how bitcoin is transforming golf
1494280362000,0,hi charles can you discuss bitcoin and the pros and cons thanks phyllis
1494294081000,1,there are only so many bitcoins price doubled days
1494357302000,0,dogecoin mousepad for only free shipping doge dogecoin btc bitcoin
1494452775000,0,i have friends like this via r bitcoin
1494632538000,0,bitcoinsportsbook more likely to be relegated swansea or hull via
1495034605000,-1,bitcoin bitcoinbet now that the pingpong balls have spoken landing spots are becoming clearer via
1495196621000,1,bitcoin price at all time high led by us to reach soon
1495290742000,1,weekly analysis bitcoin takes on as stocks hit by trump scandal bitcoin
1495303649000,0,i hope bitcoin crashes to so i can buy a hunna
1495383729000,0,are you bullish or bearish on cocacola start trading ko with bitcoin leverage stocks blockchain btc
1495448648000,1,reasons why bitcoin broke fortune
1495489041000,1,bitcoin jumps in single day and has nearly doubled in may on surging global demand
1495507306000,1,if you bought of bitcoin years ago you d have million
1495514239000,-1,beware the bitcoin correction healthranger healthranger may
1495559755000,0,friends your bitcoin investment hear and get extra bitcoin tcc
1495564738000,1,gana bitcoins gratis con
1495577772000,0,great explanation of bip and uasf bitcoin
1495578075000,1,bitcoin bip reduced threshold segwit masf
1495607950000,1,fidelity ceo talks love for bitcoin why blockchain will change markets via
1495613110000,0,this time last year one bitcoin was worth dollars
1495713744000,0,today s bitcoin price usd via chain
1495717105000,0,bitcoin wtf is going on
1495743498000,1,bitcoin gizmodo editor threw out hard drive with bitcoins worth mln
1495759944000,0,love getting rich af off bitcoin bro so does instagram playboy dan bilzerian
1495812238000,0,gana bitcoins gratis con
1495834706000,1,now you too can walk around with the secrets of bitcoin s genesis in your backpack
1495900779000,0,don t miss out printing money at the bitcoin factory
1495908727000,1,bitcoin should figure in your investment porfolio says asset advisor bitcoin
1496019254000,1,future writer tfw you accidentally left half a bitcoin on an illiquid chinese exchange
1496061611000,1,what has driven bitcoin to its record breaking rally
1496172495000,0,the first uasf bitcoin mining pool is live
1496281787000,0,yo that shit looks ill with the jalepenos onnem i had too many pizza slices today feeling it now
1488357452000,0,maybe read my tweet below _ bitcoin
1488453113000,0,top cryptocurrencies evaluated in minutes residualbitcoin
1488473776000,0,bitcoinmining ethermining new promocode discount hflove best promolink in town
1488574892000,0,treebitcoin only top paying hyips with sajmont
1488641792000,0,bitcoin unconfirmed for days reddit bitcoin
1488713722000,1,bitcoin hits all time high as talk of u s etf approval intensifies via yahoo
1488837686000,1,the dollar is strong but bitcoin is stronger
1488890711000,1,we pay up to after hours bitcoin pay investment home depot credit card
1488928895000,0,payza perfect money payoneer skirll bitcoin bitcoin bitcoincashout bitcointobkash bkash buycurrency
1488953375000,0,bitcoin investment legit and tested
1488977114000,0,get free bitcoin here
1488979528000,0,re why bitcoins is now same as paypal and worst bitcoin
1488990083000,0,gana bitcoins gratis con
1489003661000,1,bitcoin the bitcoin revolution with max keiser bitcoin
1489024024000,1,re bitcoin core released bitcoin_discussion bitcoin blockchain
1489166708000,1,bitcoin exchangebtc usdt last price hr change
1489240969000,0,bitcoin price usd blx
1489335508000,0,quite enjoying my testing so far trinidadandtobago mobilemoney bitcoin just need details on under the hood now folks
1489387023000,0,free bitcoin
1489485932000,-1,do you want to understand bitcoin blockchain start from here bitcoin nakamoto s pp electronic cash system
1489549206000,0,short term investments on balance sheet after hours bitcoin koers historie
1489663824000,1,canada stock investment return daily for days bitcoin world
1489727997000,1,join me here mmm pays per month mmm_myanmarpays bitcoin aa
1489767984000,-1,bitcoin s percentage of total cryptocurrency market cap is now at its lowest point in history
1489778451000,0,the economic majority is starting to get organized progress
1489865285000,-1,newsflash bitcoin price loses falls under
1490200203000,0,btc price btc e usd bitstamp usd coinbase usd btc bitcoin
1490295993000,1,iranian banker calls for adoption of bitcoin as bitcoin is changing banking
1490319586000,1,is this massive power struggle about to blow up bitcoin bitcoin
1490358174000,0,sell bitcoins and receive usd cash in dearborn bitcoin
1490762122000,-1,bitcoin and other digital money makers are more worried about new policys
1490907602000,0,the average price of bitcoin across all exchanges is usd
1490918029000,-1,bitcoin on reddit has becoming extremely political what are reputable news sources reporting on bitcoin
1491039397000,-1,charts bitcoin s golden price streak comes to a close
1491059721000,1,private blockchains for bitcoin maximalists
1491091210000,1,one bitcoin now worth market cap billion based on coindesk bpi bitcoin
1491175628000,0,btcflood bitcoin challenge english let us send you money every month btc bitcoin bitcoinforcedmatrix
1491201148000,1,fun fact bitcoin has a better uptime than dollar
1491239115000,-1,nasdaq bitcoin price analysis is a bullish reversal coming bitcoin blockchain cryptos reddit
1491309604000,1,the bitcoin myths mainstream media gets wrong every time
1491338823000,0,uncertainty trend is your best friend here sell uy bitcoin
1491385297000,0,bitcoin price watch the importance of and the regular readers out there will be aware that for the
1491414397000,-1,the segwit soft fork basically fixes every line of bitcoin s code via r btc
1491470406000,0,discover s insights into bitcoin fintech venturecapital iceland and more npcd
1491682640000,0,bitcoin voip phone service via r bitcoin
1491699815000,-1,tune in burstnation radio to keep your brain on the blocchain burst burstcoin bitcoin
1491811831000,0,litecoin the touchstone of true love blockchain bitcoin
1492017735000,0,bitcoin state regulators blast new hampshire s bitcoin msb exemption via
1492048788000,0,an exciting business opportunity stop by forex bitcoin
1492154035000,0,re what do you like best about bitcoin bitcoin
1492583715000,-1,revisiting ripple not the wine amid china s bitcoin clamp down ripple news
1492713069000,1,bitcoin is closing in on its all time high bitcoin blockchain fintech
1492792204000,1,one bitcoin now worth market cap billion based on coindesk bpi bitcoin
1492929003000,1,i have always been afraid of banks andrew jackson bitcoin
1493134149000,0,uasf developer revises controversial bitcoin scaling proposal
1493166393000,1,ilovebitcoin because i can buy my coffee with bitcoin
1493181541000,0,btc crypto bitcoin freelancing freelance make a mins video win
1493212315000,1,prague s cryptocurrency cafe a perfect brew of beans and bitcoins
1493345300000,0,bitcoin cryptocurrencies on the new social network mastodon from reddit bitcoin bitmain confirming that the
1493460973000,0,dogecoin mousepad for only free shipping doge dogecoin btc bitcoin
1496755397000,1,the free state project and the role bitcoin plays in it reddit crypto
1496784796000,1,bitcoin community overwhelmingly backs segwit to solve capacity challenge
1496788115000,-1,the man who braved the dot com bubble calls bitcoin a bubble bitcoin uasociolog
1497006630000,0,get free money forever i help you to take it try it now contact me bitcoins ptc
1497017809000,1,reasons bitcoin is good for business in via
1497018699000,-1,bitcoin stolen from indian exchange user despite otp authentication vía
1497027979000,-1,russia likely to mandate identity checks for bitcoin purchases
1497048944000,0,blockchain bitcoin fintech the agreement entails the exchange of information between both parties on their r
1497088881000,0,how to use bitcoin a quick start guide blogbrown
1497183004000,1,bitcoin job hiring we re looking for a community manager bitcoin btc
1497184837000,1,create bitcoin account online wallet from and deposit instant banking paypal etc
1497202367000,-1,bitcoin hits k still worth more than gold how is that for a bubble
1497220813000,-1,everybody please wake up bitcoin is currently broken via r bitcoin
1497325277000,0,streaming bitcoin videos and chatting
1497339475000,1,will bitcoin surpass gold parity steem fintech
1497609562000,1,one bitcoin now worth bitstamp high low market cap billion bitcoin
1497681445000,0,cryptogossippig buy of bitcoin
1497934142000,0,_lombrozo i suspected hmm maybe i should use this ancient pic of me as my avi for a while
1498036225000,1,ayondo to offer bitcoin trading through tradehub and wetrade
1498121477000,-1,re is there blockchain similar for litecoin bitcoin
1498230565000,0,bitcoin bitcoinbet they drafted who nbadraft grades for every pick via
1498283603000,0,a certain group of miners apparently quit spamming the mempool
1498442583000,0,btc bitcoin s legal status around the world
1498488906000,0,whats about indian govt doing for bitcoin
1498523680000,0,re bitcoin debit card not provided by wave crest holdings ltd mychoice bitcoin
1498728273000,0,how can i invest in bitcoin
1498835147000,0,no team support everybody wins with team victory and bitcoin
1498858413000,0,how a bitcoin whitehat hacker helped the fbi catch a murderer
1498866547000,0,german politicians join advisory panel for blockchain advocacy group coindesk blockchain bitcoin
1493627765000,1,get free btc every day ptc ptp bitcoin cloud mining btc games btc bitcoin
1493634741000,0,bitcoin cblock object info height hash edcebeceadbdeffcabbecc txvol gbp
1493637991000,0,binaryfest binaryoptions forex bitcoin makemoney a dividend cut now what liberty
1493637611000,1,economists and journalists often get caught up in this question why does bitcoin have value and the answer is very easy because it
1493638761000,0,try to exchange paysafecard to bitcoin using my amount gbp was been deducted by their site
1493640097000,1,bitcoin is the currency of resistance if satoshi had released bitcoin yrs earlier would never have happened max keiser
1493639914000,1,hello s followers thank you so much for following wishing you all a happy monday get it
1493640669000,1,bitcoinnews bitcoin bitcoinews coinbase defense giant lockheed martin bitcoins bitnews bitcointalk
1493643029000,1,recommend gt free bitcoin wallet or prefer masta rothschild opvatican retweet
1493643783000,1,get free btc every day ptc ptp bitcoin cloud mining btc games btc bitcoin
1493643904000,1,i ve made a bitcoin raffle it requires players to work so i did a referral system where you get paid without play
1493645568000,1,ether prices climb above setting new all time high coindesk bitcoin ether markets
1493647794000,1,gavin andresen celebrates competing bitcoin implementations blockchain may at am by
1493649439000,0,cblock height bitcoin nnonce previous block hash aabdfababccca
1493651294000,-1,_ what purpose would it serve for bitcoin afaik there s no secrecy satoshi needed to protect except his own wallet
1493650105000,1,literally the only metric that can be used as argument that bitcoin is not thriving except it s nonsense all lights are green
1493655155000,1,re bitcoinplus running for poswallet weekly vote giveaway lt lt gt gt altcoins crypto bitcoin
1493655447000,0,antminer t th s w gh nm asic bitcoin miner antminer t th s w gh nm servers
1493657064000,1,i ve updated the beginners guide for buying bitcoins in what are your thoughts via r bitcoin
1493658920000,0,bitcoin inglês crypto bitcoin market cap amp price compared to some well known companies via r bitcoin
1493660258000,1,i get free bitcoins every time someone visits my page and you can too sign up below thanks everyone for the love
1493660424000,1,recommended gt free bitcoin wallet free or prefer masta rockefeller oprockefeller
1493661748000,0,killing the trade golden goose farmers rattled by trump s nafta rescinding plans bitcoin
1493663220000,1,proud to have worldwide bitcoin guests on my show real cryptocurrency space people on the ground in zimbabwe
1493663406000,0,the best dogecoin free bitcoin free payment blockchain epayinfo dash doge
1493664792000,1,putting all my dirty money into bitcoin this shit went from last year this time to now i m done bs ing i m making investments
1493665564000,1,get free btc every day ptc ptp bitcoin cloud mining btc games btc bitcoin
1493666606000,-1,trump press secretary sean spicer tweets out a bitcoin string
1493669471000,0,best cheap vps hosting wordpress seo clippers cost effective host establishes bitcoin web hosting
1493669611000,1,in the last mins there were arb opps spanning exchange pair s yielding profits ranging between and bitcoin btc
1493670560000,0,bitcoinchannel a chinese factory slave explains why manufacturing jobs are never coming back to america no matter
1493673173000,1,bitcoin bitcoinbet cryptoexchangenews bitcoin skyrockets to fresh record high on a spike in demand via
1489764069000,0,on site verification may be required to withdraw from chinese bitcoin exchanges crypto
1493326447000,1,bitcoin seems to be a very promising idea i like the idea of basing security blockchain forex crypowithniko
1491406131000,0,live profit buy b btce sell bitfinex bitcoin btc
1489603392000,0,are rising rates about to crack the us economy bitcoin news advertise gt gt gt mone
1494087268000,1,bitcoin bitcoincasino us player wins btc or nearly k on single round via
1498735459000,1,bitcoin be used to donate funds for disaster relief in sichuan province bitcoin blockchain cryptos reddit
1491400843000,0,startup bitcoin atm in the netherlands startup bitcoin atm in the netherlands we believe now is the tipping
1492012605000,0,re insane bitcoin garden retweet bonanza insane for each retweet every day lt lt gt gt altcoins crypto bitcoin
1490037716000,0,sane bitcoin investors reading the bitcoin developer mailing list be like circus facepalm powdiscussions
1497612313000,1,live profit buy b bitfinex sell kraken bitcoin btc
1495086289000,0,i ve been depressed all day i bought a bitcoin when it was and i went to check on it today and somehow it got sent to someone saccount
1493922046000,0,digital crypto preneurs looking for the perfect coin blockchain paris bitcoin crypto dubai london madrid
1497257984000,0,bitcoin platform localbitcoins to offer limited support if bip gains minority traction cointelegraph bitco
1490972625000,0,who should decide for bitcoin true decentralization need not be absolute cointelegraph bitcoin blockchain
1490826549000,0,live profit buy b hitbtc sell bitfinex bitcoin btc
1489546174000,1,love estoniawe hope to help thank you bitcoin uwurkajmcbsdwfmcpynarfwyxuf amazon com wish list
1498208442000,0,survivor trump bitcoin shakira parishilton gossip scandal kardashian news summer paparazzi the dude perf
1494253622000,1,buy bitcoin with paypal also with cc paysafecard skrill okpay btc bitcoin
1494909796000,1,virgin galactic is a bold entrepreneurial technology it s driving a revolution and bitcoin ell uy bitcoin
1490984403000,1,japan is set to begin recognizing bitcoin as a legal method of payment starting tomorrow bitcoin cryptocurrency
1489145777000,1,just found this biz which pays instantly entrepreneur internetmarketing bitcoin global
1489977792000,1,we are starting to test bitcoin amp altcoin donations can someone try sending us a little bit via here gt gt thank
1491852422000,1,buy bitcoin with paypal also with cc paysafecard skrill okpay btc bitcoin
1490533363000,-1,a bitcoin civil war is threatening to tear the digital currency in heres what you need
1497609736000,1,pr idice the most innovative online casino in history bitcoin news btctn june
1495625546000,0,with bitcoin
1490477474000,0,get free bitcoin just enter captcha image and you get satoshi small amount of bitcoin you can get free btc b
1489696231000,1,bonus bitcoin free bitcoin faucet claim up to satoshi every minutes bitcoin faucet via
1491084063000,1,i see bitcoin as one of the biggest things for potentially reducing the power of state and uplifting the power of the individual to
1488829810000,1,for the first time ever the price of one bitcoin has surpassed the price of one ounce of gold via
1493084468000,1,japans formal embrace of bitcoin points to growing role of cryptocurrency in commerce
1497240453000,1,bitcoin news btc bitcoins bitcoin price technical analysis for rising wedge pattern
1490990509000,1,start bitcoin mining today bitcoin blockchain cryptocurrency btc payments satoshi
1489336022000,1,buy bitcoin with paypal also with cc paysafecard skrill okpay btc bitcoin
1493409311000,1,swift could someday send transactions in bitcoin as a currency if banks offer accounts in ell uy bitcoin
1493289018000,1,in the last mins there were arb opps spanning exchange pair s yielding profits ranging between and bitcoin btc
1493879772000,0,day traders start their career with a training program to get them to profitable trading fast ell uy bitcoin
1492247884000,0,matchpool the ico amp scandal amp that wasn amp t bitcoin bitcoinnews btc cryptocurrency
1490223914000,0,free learn action jackson winning blackjack openingday stanleycup bitcoin defstar fantasybaseball makeyourownlane pga ncaa
1490886706000,0,bitcoin how telephones work how the telephone talks circa bray studios an bitcoin
1493454466000,0,love cameroonwe hope to help thank you bitcoin uwurkajmcbsdwfmcpynarfwyxuf amazon com wish list
1489846452000,1,bitcoin bitcoinbet bitcoinsportsbook goal west brom arsenal mins another
1497199485000,1,how bitcoin may enable true broadband competition netneutrality from still relevant
1494235487000,-1,btc bitcoin speculatory object from unknown actors german central bank
1492946532000,0,domains for sale bitcoin cryptocurrency
1491187828000,0,special guest david seaman bitcoin amp the msm denial of trump s surveillance by the progressive patriot
1494860454000,0,re is holding bitcoin a long time good way to make money bitcoin
1496374060000,1,in the last mins there were arb opps spanning exchange pair s yielding profits ranging between and bitcoin btc
1496804476000,1,mining for bitcoin amp ethereum price boom leads to amd gpu sell out bitcoin cryptocurrency mining ethereum
1497258051000,0,best bitcoin exchange countries amp currencies supported cryptoguide business ff
1496742835000,1,get free secure bitcoin wallet with debit card which can be used at any atm around the globe
1489320970000,0,re what will happen to bitcoins in an online wallet with lost password quote from floving on bitcoin btc
1488774606000,0,btc bitcoin quotes bitstamp btce coinbase
1497359835000,1,earn even more with btcprominer invite affiliates and win up to btc every week bitcoinprominer
1489927614000,0,hey _poldark thanks for being top new followers this week much appreciated via
1498051240000,0,having a bitcoin mining firm are you want to explore your business functionalities all over the world gt
1498434337000,-1,for those about to fork we salute you activate uahf segwit is a trojan horse not falling for the blockstream plan to ruin bitcoin
